AI subtask reminder check complete.
AI subtask reminder check complete.
AI subtask reminder check complete.
AI subtask reminder check complete.
AI subtask reminder check complete.
AI subtask reminder check complete.
AI subtask reminder check complete.
AI subtask reminder check complete.
AI subtask reminder check complete.
AI subtask reminder check complete.
AI subtask reminder check complete.
AI subtask reminder check complete.
AI subtask reminder check complete.
AI subtask reminder check complete.
AI subtask reminder check complete.
AI subtask reminder check complete.
AI subtask reminder check complete.
AI subtask reminder check complete.
AI subtask reminder check complete.
AI subtask reminder check complete.
AI subtask reminder check complete.
AI subtask reminder check complete.
AI subtask reminder check complete.
AI subtask reminder check complete.
AI subtask reminder check complete.
AI subtask reminder check complete.
AI subtask reminder check complete.
AI subtask reminder check complete.
AI subtask reminder check complete.
AI subtask reminder check complete.
AI subtask reminder check complete.
AI subtask reminder check complete.
AI subtask reminder check complete.
AI subtask reminder check complete.
AI subtask reminder check complete.
AI subtask reminder check complete.
AI subtask reminder check complete.
AI subtask reminder check complete.
AI subtask reminder check complete.
AI subtask reminder check complete.
AI subtask reminder check complete.
AI subtask reminder check complete.
AI subtask reminder check complete.
AI subtask reminder check complete.
AI subtask reminder check complete.
AI subtask reminder check complete.
AI subtask reminder check complete.
AI subtask reminder check complete.
AI subtask reminder check complete.
AI subtask reminder check complete.
AI subtask reminder check complete.
AI subtask reminder check complete.
AI subtask reminder check complete.
AI subtask reminder check complete.
AI subtask reminder check complete.
AI subtask reminder check complete.
AI subtask reminder check complete.
AI subtask reminder check complete.
AI subtask reminder check complete.
AI subtask reminder check complete.
AI subtask reminder check complete.
AI subtask reminder check complete.
AI subtask reminder check complete.
AI subtask reminder check complete.
AI subtask reminder check complete.
AI subtask reminder check complete.
AI subtask reminder check complete.
AI subtask reminder check complete.
AI subtask reminder check complete.
AI subtask reminder check complete.
AI subtask reminder check complete.
AI subtask reminder check complete.
AI subtask reminder check complete.
AI subtask reminder check complete.
AI subtask reminder check complete.
AI subtask reminder check complete.
AI subtask reminder check complete.
AI subtask reminder check complete.
AI subtask reminder check complete.
AI subtask reminder check complete.
AI subtask reminder check complete.
AI subtask reminder check complete.
AI subtask reminder check complete.
AI subtask reminder check complete.
AI subtask reminder check complete.
AI subtask reminder check complete.
AI subtask reminder check complete.
AI subtask reminder check complete.
AI subtask reminder check complete.
AI subtask reminder check complete.
AI subtask reminder check complete.
AI subtask reminder check complete.
AI subtask reminder check complete.
AI subtask reminder check complete.
AI subtask reminder check complete.
AI subtask reminder check complete.
AI subtask reminder check complete.
AI subtask reminder check complete.
AI subtask reminder check complete.
AI subtask reminder check complete.
AI subtask reminder check complete.
AI subtask reminder check complete.
AI subtask reminder check complete.
AI subtask reminder check complete.
AI subtask reminder check complete.
AI subtask reminder check complete.
AI subtask reminder check complete.
AI subtask reminder check complete.
AI subtask reminder check complete.
AI subtask reminder check complete.
AI subtask reminder check complete.
AI subtask reminder check complete.
AI subtask reminder check complete.
AI subtask reminder check complete.
AI subtask reminder check complete.
AI subtask reminder check complete.
AI subtask reminder check complete.
AI subtask reminder check complete.
AI subtask reminder check complete.
AI subtask reminder check complete.
AI subtask reminder check complete.
AI subtask reminder check complete.
AI subtask reminder check complete.
AI subtask reminder check complete.
AI subtask reminder check complete.
AI subtask reminder check complete.
AI subtask reminder check complete.
AI subtask reminder check complete.
AI subtask reminder check complete.
AI subtask reminder check complete.
AI subtask reminder check complete.
AI subtask reminder check complete.
AI subtask reminder check complete.
AI subtask reminder check complete.
AI subtask reminder check complete.
AI subtask reminder check complete.
AI subtask reminder check complete.
AI subtask reminder check complete.
AI subtask reminder check complete.
AI subtask reminder check complete.
AI subtask reminder check complete.
AI subtask reminder check complete.
AI subtask reminder check complete.
AI subtask reminder check complete.
AI subtask reminder check complete.
AI subtask reminder check complete.
AI subtask reminder check complete.
AI subtask reminder check complete.
AI subtask reminder check complete.
AI subtask reminder check complete.
AI subtask reminder check complete.
AI subtask reminder check complete.
AI subtask reminder check complete.
AI subtask reminder check complete.
AI subtask reminder check complete.
AI subtask reminder check complete.
Found 37 AI subtasks pending reminders.
AI subtask reminder check complete.
Found 37 AI subtasks pending reminders.
AI subtask reminder check complete.
Found 37 AI subtasks pending reminders.
AI subtask reminder check complete.
Found 37 AI subtasks pending reminders.
AI subtask reminder check complete.
Found 37 AI subtasks pending reminders.
AI subtask reminder check complete.
Found 37 AI subtasks pending reminders.
AI subtask reminder check complete.
Found 37 AI subtasks pending reminders.
AI subtask reminder check complete.
Found 37 AI subtasks pending reminders.
AI subtask reminder check complete.
Found 37 AI subtasks pending reminders.
AI subtask reminder check complete.
Found 37 AI subtasks pending reminders.
AI subtask reminder check complete.
Found 37 AI subtasks pending reminders.
AI subtask reminder check complete.
Found 37 AI subtasks pending reminders.
AI subtask reminder check complete.
Found 37 AI subtasks pending reminders.
AI subtask reminder check complete.
Found 37 AI subtasks pending reminders.
AI subtask reminder check complete.
Found 37 AI subtasks pending reminders.
AI subtask reminder check complete.
Found 37 AI subtasks pending reminders.
AI subtask reminder check complete.
Found 37 AI subtasks pending reminders.
AI subtask reminder check complete.
Found 37 AI subtasks pending reminders.
AI subtask reminder check complete.
Found 37 AI subtasks pending reminders.
AI subtask reminder check complete.
Found 37 AI subtasks pending reminders.
AI subtask reminder check complete.
Found 37 AI subtasks pending reminders.
AI subtask reminder check complete.
Found 37 AI subtasks pending reminders.
AI subtask reminder check complete.
Found 37 AI subtasks pending reminders.
Error sending reminder for subtask 'Take the NCLEX-RN exam': unsupported operand type(s) for +: 'datetime.time' and 'datetime.timedelta'
Error sending reminder for subtask 'Apply for nursing licensure': unsupported operand type(s) for +: 'datetime.time' and 'datetime.timedelta'
AI subtask reminder check complete.
Found 37 AI subtasks pending reminders.
Error sending reminder for subtask 'Take the NCLEX-RN exam': unsupported operand type(s) for +: 'datetime.time' and 'datetime.timedelta'
Error sending reminder for subtask 'Apply for nursing licensure': unsupported operand type(s) for +: 'datetime.time' and 'datetime.timedelta'
AI subtask reminder check complete.
Found 37 AI subtasks pending reminders.
Error sending reminder for subtask 'Take the NCLEX-RN exam': unsupported operand type(s) for +: 'datetime.time' and 'datetime.timedelta'
Error sending reminder for subtask 'Apply for nursing licensure': unsupported operand type(s) for +: 'datetime.time' and 'datetime.timedelta'
AI subtask reminder check complete.
Found 37 AI subtasks pending reminders.
Error sending reminder for subtask 'Take the NCLEX-RN exam': unsupported operand type(s) for +: 'datetime.time' and 'datetime.timedelta'
Error sending reminder for subtask 'Apply for nursing licensure': unsupported operand type(s) for +: 'datetime.time' and 'datetime.timedelta'
AI subtask reminder check complete.
Found 37 AI subtasks pending reminders.
Error sending reminder for subtask 'Take the NCLEX-RN exam': unsupported operand type(s) for +: 'datetime.time' and 'datetime.timedelta'
Error sending reminder for subtask 'Apply for nursing licensure': unsupported operand type(s) for +: 'datetime.time' and 'datetime.timedelta'
AI subtask reminder check complete.
Found 37 AI subtasks pending reminders.
Error sending reminder for subtask 'Take the NCLEX-RN exam': unsupported operand type(s) for +: 'datetime.time' and 'datetime.timedelta'
Error sending reminder for subtask 'Apply for nursing licensure': unsupported operand type(s) for +: 'datetime.time' and 'datetime.timedelta'
AI subtask reminder check complete.
Found 37 AI subtasks pending reminders.
Error sending reminder for subtask 'Take the NCLEX-RN exam': unsupported operand type(s) for +: 'datetime.time' and 'datetime.timedelta'
Error sending reminder for subtask 'Apply for nursing licensure': unsupported operand type(s) for +: 'datetime.time' and 'datetime.timedelta'
AI subtask reminder check complete.
Found 37 AI subtasks pending reminders.
Error sending reminder for subtask 'Take the NCLEX-RN exam': unsupported operand type(s) for +: 'datetime.time' and 'datetime.timedelta'
Error sending reminder for subtask 'Apply for nursing licensure': unsupported operand type(s) for +: 'datetime.time' and 'datetime.timedelta'
AI subtask reminder check complete.
Found 37 AI subtasks pending reminders.
Error sending reminder for subtask 'Take the NCLEX-RN exam': unsupported operand type(s) for +: 'datetime.time' and 'datetime.timedelta'
Error sending reminder for subtask 'Apply for nursing licensure': unsupported operand type(s) for +: 'datetime.time' and 'datetime.timedelta'
AI subtask reminder check complete.
Found 37 AI subtasks pending reminders.
Error sending reminder for subtask 'Take the NCLEX-RN exam': unsupported operand type(s) for +: 'datetime.time' and 'datetime.timedelta'
Error sending reminder for subtask 'Apply for nursing licensure': unsupported operand type(s) for +: 'datetime.time' and 'datetime.timedelta'
AI subtask reminder check complete.
Found 37 AI subtasks pending reminders.
Error sending reminder for subtask 'Take the NCLEX-RN exam': unsupported operand type(s) for +: 'datetime.time' and 'datetime.timedelta'
Error sending reminder for subtask 'Apply for nursing licensure': unsupported operand type(s) for +: 'datetime.time' and 'datetime.timedelta'
AI subtask reminder check complete.
Found 37 AI subtasks pending reminders.
Error sending reminder for subtask 'Take the NCLEX-RN exam': unsupported operand type(s) for +: 'datetime.time' and 'datetime.timedelta'
Error sending reminder for subtask 'Apply for nursing licensure': unsupported operand type(s) for +: 'datetime.time' and 'datetime.timedelta'
AI subtask reminder check complete.
Found 37 AI subtasks pending reminders.
Error sending reminder for subtask 'Take the NCLEX-RN exam': unsupported operand type(s) for +: 'datetime.time' and 'datetime.timedelta'
Error sending reminder for subtask 'Apply for nursing licensure': unsupported operand type(s) for +: 'datetime.time' and 'datetime.timedelta'
AI subtask reminder check complete.
Found 37 AI subtasks pending reminders.
Error sending reminder for subtask 'Take the NCLEX-RN exam': unsupported operand type(s) for +: 'datetime.time' and 'datetime.timedelta'
Error sending reminder for subtask 'Apply for nursing licensure': unsupported operand type(s) for +: 'datetime.time' and 'datetime.timedelta'
AI subtask reminder check complete.
Found 37 AI subtasks pending reminders.
Error sending reminder for subtask 'Take the NCLEX-RN exam': unsupported operand type(s) for +: 'datetime.time' and 'datetime.timedelta'
Error sending reminder for subtask 'Apply for nursing licensure': unsupported operand type(s) for +: 'datetime.time' and 'datetime.timedelta'
AI subtask reminder check complete.
Found 37 AI subtasks pending reminders.
Error sending reminder for subtask 'Take the NCLEX-RN exam': unsupported operand type(s) for +: 'datetime.time' and 'datetime.timedelta'
Error sending reminder for subtask 'Apply for nursing licensure': unsupported operand type(s) for +: 'datetime.time' and 'datetime.timedelta'
AI subtask reminder check complete.
Found 37 AI subtasks pending reminders.
Error sending reminder for subtask 'Take the NCLEX-RN exam': unsupported operand type(s) for +: 'datetime.time' and 'datetime.timedelta'
Error sending reminder for subtask 'Apply for nursing licensure': unsupported operand type(s) for +: 'datetime.time' and 'datetime.timedelta'
AI subtask reminder check complete.
Found 37 AI subtasks pending reminders.
Error sending reminder for subtask 'Take the NCLEX-RN exam': unsupported operand type(s) for +: 'datetime.time' and 'datetime.timedelta'
Error sending reminder for subtask 'Apply for nursing licensure': unsupported operand type(s) for +: 'datetime.time' and 'datetime.timedelta'
AI subtask reminder check complete.
Found 37 AI subtasks pending reminders.
Error sending reminder for subtask 'Take the NCLEX-RN exam': unsupported operand type(s) for +: 'datetime.time' and 'datetime.timedelta'
Error sending reminder for subtask 'Apply for nursing licensure': unsupported operand type(s) for +: 'datetime.time' and 'datetime.timedelta'
AI subtask reminder check complete.
Found 37 AI subtasks pending reminders.
Error sending reminder for subtask 'Take the NCLEX-RN exam': unsupported operand type(s) for +: 'datetime.time' and 'datetime.timedelta'
Error sending reminder for subtask 'Apply for nursing licensure': unsupported operand type(s) for +: 'datetime.time' and 'datetime.timedelta'
AI subtask reminder check complete.
Found 37 AI subtasks pending reminders.
Error sending reminder for subtask 'Take the NCLEX-RN exam': unsupported operand type(s) for +: 'datetime.time' and 'datetime.timedelta'
Error sending reminder for subtask 'Apply for nursing licensure': unsupported operand type(s) for +: 'datetime.time' and 'datetime.timedelta'
AI subtask reminder check complete.
Found 37 AI subtasks pending reminders.
Error sending reminder for subtask 'Take the NCLEX-RN exam': unsupported operand type(s) for +: 'datetime.time' and 'datetime.timedelta'
Error sending reminder for subtask 'Apply for nursing licensure': unsupported operand type(s) for +: 'datetime.time' and 'datetime.timedelta'
AI subtask reminder check complete.
Found 37 AI subtasks pending reminders.
Error sending reminder for subtask 'Take the NCLEX-RN exam': unsupported operand type(s) for +: 'datetime.time' and 'datetime.timedelta'
Error sending reminder for subtask 'Apply for nursing licensure': unsupported operand type(s) for +: 'datetime.time' and 'datetime.timedelta'
AI subtask reminder check complete.
Found 37 AI subtasks pending reminders.
Error sending reminder for subtask 'Take the NCLEX-RN exam': unsupported operand type(s) for +: 'datetime.time' and 'datetime.timedelta'
Error sending reminder for subtask 'Apply for nursing licensure': unsupported operand type(s) for +: 'datetime.time' and 'datetime.timedelta'
AI subtask reminder check complete.
Found 37 AI subtasks pending reminders.
Error sending reminder for subtask 'Take the NCLEX-RN exam': unsupported operand type(s) for +: 'datetime.time' and 'datetime.timedelta'
Error sending reminder for subtask 'Apply for nursing licensure': unsupported operand type(s) for +: 'datetime.time' and 'datetime.timedelta'
AI subtask reminder check complete.
Found 37 AI subtasks pending reminders.
Error sending reminder for subtask 'Take the NCLEX-RN exam': unsupported operand type(s) for +: 'datetime.time' and 'datetime.timedelta'
Error sending reminder for subtask 'Apply for nursing licensure': unsupported operand type(s) for +: 'datetime.time' and 'datetime.timedelta'
AI subtask reminder check complete.
Traceback (most recent call last):
  File "/home/shanon/kommitly/kommitly_backend/manage.py", line 22, in <module>
    main()
  File "/home/shanon/kommitly/kommitly_backend/manage.py", line 18, in main
    execute_from_command_line(sys.argv)
  File "/home/shanon/kommitly/kommitly_backend/myenv/lib/python3.12/site-packages/django/core/management/__init__.py", line 442, in execute_from_command_line
    utility.execute()
  File "/home/shanon/kommitly/kommitly_backend/myenv/lib/python3.12/site-packages/django/core/management/__init__.py", line 436, in execute
    self.fetch_command(subcommand).run_from_argv(self.argv)
    ^^^^^^^^^^^^^^^^^^^^^^^^^^^^^^
  File "/home/shanon/kommitly/kommitly_backend/myenv/lib/python3.12/site-packages/django/core/management/__init__.py", line 275, in fetch_command
    klass = load_command_class(app_name, subcommand)
            ^^^^^^^^^^^^^^^^^^^^^^^^^^^^^^^^^^^^^^^^
  File "/home/shanon/kommitly/kommitly_backend/myenv/lib/python3.12/site-packages/django/core/management/__init__.py", line 48, in load_command_class
    module = import_module("%s.management.commands.%s" % (app_name, name))
             ^^^^^^^^^^^^^^^^^^^^^^^^^^^^^^^^^^^^^^^^^^^^^^^^^^^^^^^^^^^^^
  File "/usr/lib/python3.12/importlib/__init__.py", line 90, in import_module
    return _bootstrap._gcd_import(name[level:], package, level)
           ^^^^^^^^^^^^^^^^^^^^^^^^^^^^^^^^^^^^^^^^^^^^^^^^^^^^
  File "<frozen importlib._bootstrap>", line 1387, in _gcd_import
  File "<frozen importlib._bootstrap>", line 1360, in _find_and_load
  File "<frozen importlib._bootstrap>", line 1331, in _find_and_load_unlocked
  File "<frozen importlib._bootstrap>", line 935, in _load_unlocked
  File "<frozen importlib._bootstrap_external>", line 991, in exec_module
  File "<frozen importlib._bootstrap_external>", line 1129, in get_code
  File "<frozen importlib._bootstrap_external>", line 1059, in source_to_code
  File "<frozen importlib._bootstrap>", line 488, in _call_with_frames_removed
  File "/home/shanon/kommitly/kommitly_backend/goals/management/commands/send_ai_subtask_reminders.py", line 31
    reminder_naive = datetime.combine(ai_subtask.due_date.date(), ai_subtask.reminder_time)
    ^^^^^^^^^^^^^^
SyntaxError: expected 'except' or 'finally' block
Traceback (most recent call last):
  File "/home/shanon/kommitly/kommitly_backend/manage.py", line 22, in <module>
    main()
  File "/home/shanon/kommitly/kommitly_backend/manage.py", line 18, in main
    execute_from_command_line(sys.argv)
  File "/home/shanon/kommitly/kommitly_backend/myenv/lib/python3.12/site-packages/django/core/management/__init__.py", line 442, in execute_from_command_line
    utility.execute()
  File "/home/shanon/kommitly/kommitly_backend/myenv/lib/python3.12/site-packages/django/core/management/__init__.py", line 436, in execute
    self.fetch_command(subcommand).run_from_argv(self.argv)
    ^^^^^^^^^^^^^^^^^^^^^^^^^^^^^^
  File "/home/shanon/kommitly/kommitly_backend/myenv/lib/python3.12/site-packages/django/core/management/__init__.py", line 275, in fetch_command
    klass = load_command_class(app_name, subcommand)
            ^^^^^^^^^^^^^^^^^^^^^^^^^^^^^^^^^^^^^^^^
  File "/home/shanon/kommitly/kommitly_backend/myenv/lib/python3.12/site-packages/django/core/management/__init__.py", line 48, in load_command_class
    module = import_module("%s.management.commands.%s" % (app_name, name))
             ^^^^^^^^^^^^^^^^^^^^^^^^^^^^^^^^^^^^^^^^^^^^^^^^^^^^^^^^^^^^^
  File "/usr/lib/python3.12/importlib/__init__.py", line 90, in import_module
    return _bootstrap._gcd_import(name[level:], package, level)
           ^^^^^^^^^^^^^^^^^^^^^^^^^^^^^^^^^^^^^^^^^^^^^^^^^^^^
  File "<frozen importlib._bootstrap>", line 1387, in _gcd_import
  File "<frozen importlib._bootstrap>", line 1360, in _find_and_load
  File "<frozen importlib._bootstrap>", line 1331, in _find_and_load_unlocked
  File "<frozen importlib._bootstrap>", line 935, in _load_unlocked
  File "<frozen importlib._bootstrap_external>", line 991, in exec_module
  File "<frozen importlib._bootstrap_external>", line 1129, in get_code
  File "<frozen importlib._bootstrap_external>", line 1059, in source_to_code
  File "<frozen importlib._bootstrap>", line 488, in _call_with_frames_removed
  File "/home/shanon/kommitly/kommitly_backend/goals/management/commands/send_ai_subtask_reminders.py", line 31
    reminder_naive = datetime.combine(ai_subtask.due_date.date(), ai_subtask.reminder_time)
    ^^^^^^^^^^^^^^
SyntaxError: expected 'except' or 'finally' block
Traceback (most recent call last):
  File "/home/shanon/kommitly/kommitly_backend/manage.py", line 22, in <module>
    main()
  File "/home/shanon/kommitly/kommitly_backend/manage.py", line 18, in main
    execute_from_command_line(sys.argv)
  File "/home/shanon/kommitly/kommitly_backend/myenv/lib/python3.12/site-packages/django/core/management/__init__.py", line 442, in execute_from_command_line
    utility.execute()
  File "/home/shanon/kommitly/kommitly_backend/myenv/lib/python3.12/site-packages/django/core/management/__init__.py", line 436, in execute
    self.fetch_command(subcommand).run_from_argv(self.argv)
    ^^^^^^^^^^^^^^^^^^^^^^^^^^^^^^
  File "/home/shanon/kommitly/kommitly_backend/myenv/lib/python3.12/site-packages/django/core/management/__init__.py", line 275, in fetch_command
    klass = load_command_class(app_name, subcommand)
            ^^^^^^^^^^^^^^^^^^^^^^^^^^^^^^^^^^^^^^^^
  File "/home/shanon/kommitly/kommitly_backend/myenv/lib/python3.12/site-packages/django/core/management/__init__.py", line 48, in load_command_class
    module = import_module("%s.management.commands.%s" % (app_name, name))
             ^^^^^^^^^^^^^^^^^^^^^^^^^^^^^^^^^^^^^^^^^^^^^^^^^^^^^^^^^^^^^
  File "/usr/lib/python3.12/importlib/__init__.py", line 90, in import_module
    return _bootstrap._gcd_import(name[level:], package, level)
           ^^^^^^^^^^^^^^^^^^^^^^^^^^^^^^^^^^^^^^^^^^^^^^^^^^^^
  File "<frozen importlib._bootstrap>", line 1387, in _gcd_import
  File "<frozen importlib._bootstrap>", line 1360, in _find_and_load
  File "<frozen importlib._bootstrap>", line 1331, in _find_and_load_unlocked
  File "<frozen importlib._bootstrap>", line 935, in _load_unlocked
  File "<frozen importlib._bootstrap_external>", line 991, in exec_module
  File "<frozen importlib._bootstrap_external>", line 1129, in get_code
  File "<frozen importlib._bootstrap_external>", line 1059, in source_to_code
  File "<frozen importlib._bootstrap>", line 488, in _call_with_frames_removed
  File "/home/shanon/kommitly/kommitly_backend/goals/management/commands/send_ai_subtask_reminders.py", line 31
    reminder_naive = datetime.combine(ai_subtask.due_date.date(), ai_subtask.reminder_time)
    ^^^^^^^^^^^^^^
SyntaxError: expected 'except' or 'finally' block
Found 37 AI subtasks pending reminders.
AI subtask reminder check complete.
Found 37 AI subtasks pending reminders.
AI subtask reminder check complete.
Found 37 AI subtasks pending reminders.
Error sending reminder for subtask 'Apply for nursing licensure': name 'AiSubTask' is not defined
AI subtask reminder check complete.
Found 37 AI subtasks pending reminders.
Error sending reminder for subtask 'Apply for nursing licensure': name 'AiSubTask' is not defined
AI subtask reminder check complete.
Found 37 AI subtasks pending reminders.
AI subtask reminder check complete.
Found 37 AI subtasks pending reminders.
AI subtask reminder check complete.
Found 37 AI subtasks pending reminders.
AI subtask reminder check complete.
Found 37 AI subtasks pending reminders.
AI subtask reminder check complete.
Found 37 AI subtasks pending reminders.
AI subtask reminder check complete.
Found 37 AI subtasks pending reminders.
AI subtask reminder check complete.
Found 37 AI subtasks pending reminders.
Error sending reminder for subtask 'Apply for nursing licensure': name 'AiSubTask' is not defined
AI subtask reminder check complete.
Found 37 AI subtasks pending reminders.
Error sending reminder for subtask 'Apply for nursing licensure': name 'AiSubTask' is not defined
AI subtask reminder check complete.
Found 37 AI subtasks pending reminders.
AI subtask reminder check complete.
Found 37 AI subtasks pending reminders.
AI subtask reminder check complete.
Found 37 AI subtasks pending reminders.
Error with task 'Apply for nursing licensure': 'AiSubTask' object has no attribute 'user'
Reminder sent for AI subtask: Apply for nursing licensure
AI subtask reminder check complete.
Found 37 AI subtasks pending reminders.
Error with task 'Apply for nursing licensure': 'AiSubTask' object has no attribute 'user'
Reminder sent for AI subtask: Apply for nursing licensure
AI subtask reminder check complete.
Found 37 AI subtasks pending reminders.
AI subtask reminder check complete.
Found 37 AI subtasks pending reminders.
AI subtask reminder check complete.
Found 37 AI subtasks pending reminders.
Reminder time (UTC) for ai task 'Apply for nursing licensure': 2025-06-12 17:36:00+00:00, current time: 2025-06-12 17:36:07.089974+00:00
Exception while resolving variable 'ai_subtask' in template 'email/ai_subtask_reminder.html'.
Traceback (most recent call last):
  File "/home/shanon/kommitly/kommitly_backend/myenv/lib/python3.12/site-packages/django/template/base.py", line 875, in _resolve_lookup
    current = current[bit]
              ~~~~~~~^^^^^
  File "/home/shanon/kommitly/kommitly_backend/myenv/lib/python3.12/site-packages/django/template/context.py", line 83, in __getitem__
    raise KeyError(key)
KeyError: 'ai_subtask'

During handling of the above exception, another exception occurred:

Traceback (most recent call last):
  File "/home/shanon/kommitly/kommitly_backend/myenv/lib/python3.12/site-packages/django/template/base.py", line 881, in _resolve_lookup
    if isinstance(current, BaseContext) and getattr(
                                            ^^^^^^^^
AttributeError: type object 'Context' has no attribute 'ai_subtask'

During handling of the above exception, another exception occurred:

Traceback (most recent call last):
  File "/home/shanon/kommitly/kommitly_backend/myenv/lib/python3.12/site-packages/django/template/base.py", line 891, in _resolve_lookup
    current = current[int(bit)]
                      ^^^^^^^^
ValueError: invalid literal for int() with base 10: 'ai_subtask'

During handling of the above exception, another exception occurred:

Traceback (most recent call last):
  File "/home/shanon/kommitly/kommitly_backend/myenv/lib/python3.12/site-packages/django/template/base.py", line 898, in _resolve_lookup
    raise VariableDoesNotExist(
django.template.base.VariableDoesNotExist: Failed lookup for key [ai_subtask] in [{'True': True, 'False': False, 'None': None}, {'task': <AiSubTask: Apply for nursing licensure>, 'user': <User: Alice Wonderland>, 'app_link': 'https://kommitly-frontend.vercel.app/dashboard/tasks/66/'}]
Exception while resolving variable 'ai_subtask' in template 'email/ai_subtask_reminder.html'.
Traceback (most recent call last):
  File "/home/shanon/kommitly/kommitly_backend/myenv/lib/python3.12/site-packages/django/template/base.py", line 875, in _resolve_lookup
    current = current[bit]
              ~~~~~~~^^^^^
  File "/home/shanon/kommitly/kommitly_backend/myenv/lib/python3.12/site-packages/django/template/context.py", line 83, in __getitem__
    raise KeyError(key)
KeyError: 'ai_subtask'

During handling of the above exception, another exception occurred:

Traceback (most recent call last):
  File "/home/shanon/kommitly/kommitly_backend/myenv/lib/python3.12/site-packages/django/template/base.py", line 881, in _resolve_lookup
    if isinstance(current, BaseContext) and getattr(
                                            ^^^^^^^^
AttributeError: type object 'Context' has no attribute 'ai_subtask'

During handling of the above exception, another exception occurred:

Traceback (most recent call last):
  File "/home/shanon/kommitly/kommitly_backend/myenv/lib/python3.12/site-packages/django/template/base.py", line 891, in _resolve_lookup
    current = current[int(bit)]
                      ^^^^^^^^
ValueError: invalid literal for int() with base 10: 'ai_subtask'

During handling of the above exception, another exception occurred:

Traceback (most recent call last):
  File "/home/shanon/kommitly/kommitly_backend/myenv/lib/python3.12/site-packages/django/template/base.py", line 898, in _resolve_lookup
    raise VariableDoesNotExist(
django.template.base.VariableDoesNotExist: Failed lookup for key [ai_subtask] in [{'True': True, 'False': False, 'None': None}, {'task': <AiSubTask: Apply for nursing licensure>, 'user': <User: Alice Wonderland>, 'app_link': 'https://kommitly-frontend.vercel.app/dashboard/tasks/66/'}]
Exception while resolving variable 'ai_task' in template 'email/ai_subtask_reminder.html'.
Traceback (most recent call last):
  File "/home/shanon/kommitly/kommitly_backend/myenv/lib/python3.12/site-packages/django/template/base.py", line 875, in _resolve_lookup
    current = current[bit]
              ~~~~~~~^^^^^
  File "/home/shanon/kommitly/kommitly_backend/myenv/lib/python3.12/site-packages/django/template/context.py", line 83, in __getitem__
    raise KeyError(key)
KeyError: 'ai_task'

During handling of the above exception, another exception occurred:

Traceback (most recent call last):
  File "/home/shanon/kommitly/kommitly_backend/myenv/lib/python3.12/site-packages/django/template/base.py", line 881, in _resolve_lookup
    if isinstance(current, BaseContext) and getattr(
                                            ^^^^^^^^
AttributeError: type object 'Context' has no attribute 'ai_task'

During handling of the above exception, another exception occurred:

Traceback (most recent call last):
  File "/home/shanon/kommitly/kommitly_backend/myenv/lib/python3.12/site-packages/django/template/base.py", line 891, in _resolve_lookup
    current = current[int(bit)]
                      ^^^^^^^^
ValueError: invalid literal for int() with base 10: 'ai_task'

During handling of the above exception, another exception occurred:

Traceback (most recent call last):
  File "/home/shanon/kommitly/kommitly_backend/myenv/lib/python3.12/site-packages/django/template/base.py", line 898, in _resolve_lookup
    raise VariableDoesNotExist(
django.template.base.VariableDoesNotExist: Failed lookup for key [ai_task] in [{'True': True, 'False': False, 'None': None}, {'task': <AiSubTask: Apply for nursing licensure>, 'user': <User: Alice Wonderland>, 'app_link': 'https://kommitly-frontend.vercel.app/dashboard/tasks/66/'}]
Exception while resolving variable 'ai_task' in template 'email/ai_subtask_reminder.html'.
Traceback (most recent call last):
  File "/home/shanon/kommitly/kommitly_backend/myenv/lib/python3.12/site-packages/django/template/base.py", line 875, in _resolve_lookup
    current = current[bit]
              ~~~~~~~^^^^^
  File "/home/shanon/kommitly/kommitly_backend/myenv/lib/python3.12/site-packages/django/template/context.py", line 83, in __getitem__
    raise KeyError(key)
KeyError: 'ai_task'

During handling of the above exception, another exception occurred:

Traceback (most recent call last):
  File "/home/shanon/kommitly/kommitly_backend/myenv/lib/python3.12/site-packages/django/template/base.py", line 881, in _resolve_lookup
    if isinstance(current, BaseContext) and getattr(
                                            ^^^^^^^^
AttributeError: type object 'Context' has no attribute 'ai_task'

During handling of the above exception, another exception occurred:

Traceback (most recent call last):
  File "/home/shanon/kommitly/kommitly_backend/myenv/lib/python3.12/site-packages/django/template/base.py", line 891, in _resolve_lookup
    current = current[int(bit)]
                      ^^^^^^^^
ValueError: invalid literal for int() with base 10: 'ai_task'

During handling of the above exception, another exception occurred:

Traceback (most recent call last):
  File "/home/shanon/kommitly/kommitly_backend/myenv/lib/python3.12/site-packages/django/template/base.py", line 898, in _resolve_lookup
    raise VariableDoesNotExist(
django.template.base.VariableDoesNotExist: Failed lookup for key [ai_task] in [{'True': True, 'False': False, 'None': None}, {'task': <AiSubTask: Apply for nursing licensure>, 'user': <User: Alice Wonderland>, 'app_link': 'https://kommitly-frontend.vercel.app/dashboard/tasks/66/'}]
Reminder sent for task: Apply for nursing licensure to n24freaky@gmail.com
DEBUG: post_save signal for AiSubTask 'Apply for nursing licensure'. Calling AiGoal.update_progress().
Reminder sent for AI subtask: Apply for nursing licensure
AI subtask reminder check complete.
Found 36 AI subtasks pending reminders.
AI subtask reminder check complete.
Found 36 AI subtasks pending reminders.
AI subtask reminder check complete.
Found 36 AI subtasks pending reminders.
AI subtask reminder check complete.
Found 36 AI subtasks pending reminders.
AI subtask reminder check complete.
Found 36 AI subtasks pending reminders.
AI subtask reminder check complete.
Found 36 AI subtasks pending reminders.
AI subtask reminder check complete.
Found 36 AI subtasks pending reminders.
AI subtask reminder check complete.
Found 36 AI subtasks pending reminders.
AI subtask reminder check complete.
Found 36 AI subtasks pending reminders.
AI subtask reminder check complete.
Found 36 AI subtasks pending reminders.
AI subtask reminder check complete.
Found 36 AI subtasks pending reminders.
AI subtask reminder check complete.
Found 36 AI subtasks pending reminders.
AI subtask reminder check complete.
Found 36 AI subtasks pending reminders.
AI subtask reminder check complete.
Found 36 AI subtasks pending reminders.
AI subtask reminder check complete.
Found 36 AI subtasks pending reminders.
AI subtask reminder check complete.
Found 36 AI subtasks pending reminders.
AI subtask reminder check complete.
Found 36 AI subtasks pending reminders.
AI subtask reminder check complete.
Found 36 AI subtasks pending reminders.
AI subtask reminder check complete.
Found 36 AI subtasks pending reminders.
AI subtask reminder check complete.
Found 36 AI subtasks pending reminders.
AI subtask reminder check complete.
Found 36 AI subtasks pending reminders.
AI subtask reminder check complete.
Found 37 AI subtasks pending reminders.
AI subtask reminder check complete.
Found 37 AI subtasks pending reminders.
AI subtask reminder check complete.
Found 37 AI subtasks pending reminders.
AI subtask reminder check complete.
Found 37 AI subtasks pending reminders.
AI subtask reminder check complete.
Found 37 AI subtasks pending reminders.
AI subtask reminder check complete.
Found 37 AI subtasks pending reminders.
AI subtask reminder check complete.
Found 37 AI subtasks pending reminders.
AI subtask reminder check complete.
Found 37 AI subtasks pending reminders.
Reminder time (UTC) for ai task 'Apply for nursing licensure': 2025-06-12 18:05:00+00:00, current time: 2025-06-12 18:05:06.995749+00:00
Reminder sent for task: Apply for nursing licensure to n24freaky@gmail.com
DEBUG: post_save signal for AiSubTask 'Apply for nursing licensure'. Calling AiGoal.update_progress().
Reminder sent for AI subtask: Apply for nursing licensure
AI subtask reminder check complete.
Found 37 AI subtasks pending reminders.
Reminder time (UTC) for ai task 'Apply for nursing licensure': 2025-06-12 18:05:00+00:00, current time: 2025-06-12 18:06:06.592408+00:00
Reminder sent for task: Apply for nursing licensure to n24freaky@gmail.com
DEBUG: post_save signal for AiSubTask 'Apply for nursing licensure'. Calling AiGoal.update_progress().
Reminder sent for AI subtask: Apply for nursing licensure
AI subtask reminder check complete.
Found 37 AI subtasks pending reminders.
AI subtask reminder check complete.
Found 37 AI subtasks pending reminders.
AI subtask reminder check complete.
Found 37 AI subtasks pending reminders.
AI subtask reminder check complete.
Found 37 AI subtasks pending reminders.
AI subtask reminder check complete.
Found 37 AI subtasks pending reminders.
AI subtask reminder check complete.
Found 37 AI subtasks pending reminders.
AI subtask reminder check complete.
Found 37 AI subtasks pending reminders.
AI subtask reminder check complete.
Found 37 AI subtasks pending reminders.
AI subtask reminder check complete.
Found 37 AI subtasks pending reminders.
Reminder time (UTC) for ai task 'Apply for nursing licensure': 2025-06-12 18:15:00+00:00, current time: 2025-06-12 18:15:07.171676+00:00
Reminder sent for task: Apply for nursing licensure to n24freaky@gmail.com
DEBUG: post_save signal for AiSubTask 'Apply for nursing licensure'. Calling AiGoal.update_progress().
Reminder sent for AI subtask: Apply for nursing licensure
AI subtask reminder check complete.
Found 37 AI subtasks pending reminders.
Reminder time (UTC) for ai task 'Apply for nursing licensure': 2025-06-12 18:15:00+00:00, current time: 2025-06-12 18:16:07.589187+00:00
Reminder sent for task: Apply for nursing licensure to n24freaky@gmail.com
DEBUG: post_save signal for AiSubTask 'Apply for nursing licensure'. Calling AiGoal.update_progress().
Reminder sent for AI subtask: Apply for nursing licensure
AI subtask reminder check complete.
Found 37 AI subtasks pending reminders.
AI subtask reminder check complete.
Found 37 AI subtasks pending reminders.
Reminder time (UTC) for ai task 'Apply for nursing licensure': 2025-06-12 18:18:00+00:00, current time: 2025-06-12 18:18:07.295941+00:00
Reminder sent for task: Apply for nursing licensure to n24freaky@gmail.com
DEBUG: post_save signal for AiSubTask 'Apply for nursing licensure'. Calling AiGoal.update_progress().
Reminder sent for AI subtask: Apply for nursing licensure
AI subtask reminder check complete.
Found 37 AI subtasks pending reminders.
Reminder time (UTC) for ai task 'Apply for nursing licensure': 2025-06-12 18:18:00+00:00, current time: 2025-06-12 18:19:07.508161+00:00
Reminder sent for task: Apply for nursing licensure to n24freaky@gmail.com
DEBUG: post_save signal for AiSubTask 'Apply for nursing licensure'. Calling AiGoal.update_progress().
Reminder sent for AI subtask: Apply for nursing licensure
AI subtask reminder check complete.
Found 37 AI subtasks pending reminders.
AI subtask reminder check complete.
Found 37 AI subtasks pending reminders.
AI subtask reminder check complete.
Found 37 AI subtasks pending reminders.
AI subtask reminder check complete.
Found 37 AI subtasks pending reminders.
AI subtask reminder check complete.
Found 37 AI subtasks pending reminders.
AI subtask reminder check complete.
Found 37 AI subtasks pending reminders.
Reminder time (UTC) for ai task 'Apply for nursing licensure': 2025-06-12 18:25:00+00:00, current time: 2025-06-12 18:25:07.146517+00:00
Reminder sent for task: Apply for nursing licensure to n24freaky@gmail.com
DEBUG: post_save signal for AiSubTask 'Apply for nursing licensure'. Calling AiGoal.update_progress().
Reminder sent for AI subtask: Apply for nursing licensure
AI subtask reminder check complete.
Found 37 AI subtasks pending reminders.
Reminder time (UTC) for ai task 'Apply for nursing licensure': 2025-06-12 18:25:00+00:00, current time: 2025-06-12 18:26:06.741468+00:00
Reminder sent for task: Apply for nursing licensure to n24freaky@gmail.com
DEBUG: post_save signal for AiSubTask 'Apply for nursing licensure'. Calling AiGoal.update_progress().
Reminder sent for AI subtask: Apply for nursing licensure
AI subtask reminder check complete.
Found 37 AI subtasks pending reminders.
AI subtask reminder check complete.
Found 37 AI subtasks pending reminders.
AI subtask reminder check complete.
Found 37 AI subtasks pending reminders.
AI subtask reminder check complete.
Found 37 AI subtasks pending reminders.
AI subtask reminder check complete.
Found 37 AI subtasks pending reminders.
AI subtask reminder check complete.
Found 37 AI subtasks pending reminders.
AI subtask reminder check complete.
Found 37 AI subtasks pending reminders.
AI subtask reminder check complete.
Found 37 AI subtasks pending reminders.
AI subtask reminder check complete.
Found 37 AI subtasks pending reminders.
AI subtask reminder check complete.
Found 37 AI subtasks pending reminders.
AI subtask reminder check complete.
Found 37 AI subtasks pending reminders.
AI subtask reminder check complete.
Found 37 AI subtasks pending reminders.
AI subtask reminder check complete.
Found 37 AI subtasks pending reminders.
AI subtask reminder check complete.
Found 37 AI subtasks pending reminders.
AI subtask reminder check complete.
Found 37 AI subtasks pending reminders.
AI subtask reminder check complete.
Found 37 AI subtasks pending reminders.
AI subtask reminder check complete.
Found 37 AI subtasks pending reminders.
AI subtask reminder check complete.
Found 37 AI subtasks pending reminders.
AI subtask reminder check complete.
Found 37 AI subtasks pending reminders.
AI subtask reminder check complete.
Found 37 AI subtasks pending reminders.
AI subtask reminder check complete.
Found 37 AI subtasks pending reminders.
AI subtask reminder check complete.
Found 37 AI subtasks pending reminders.
AI subtask reminder check complete.
Found 37 AI subtasks pending reminders.
AI subtask reminder check complete.
Found 37 AI subtasks pending reminders.
AI subtask reminder check complete.
Found 37 AI subtasks pending reminders.
AI subtask reminder check complete.
Found 37 AI subtasks pending reminders.
AI subtask reminder check complete.
Found 37 AI subtasks pending reminders.
AI subtask reminder check complete.
Found 37 AI subtasks pending reminders.
AI subtask reminder check complete.
Found 37 AI subtasks pending reminders.
AI subtask reminder check complete.
Found 37 AI subtasks pending reminders.
AI subtask reminder check complete.
Found 37 AI subtasks pending reminders.
AI subtask reminder check complete.
Found 37 AI subtasks pending reminders.
AI subtask reminder check complete.
Found 37 AI subtasks pending reminders.
AI subtask reminder check complete.
Found 37 AI subtasks pending reminders.
AI subtask reminder check complete.
Found 37 AI subtasks pending reminders.
AI subtask reminder check complete.
Found 37 AI subtasks pending reminders.
AI subtask reminder check complete.
Found 37 AI subtasks pending reminders.
AI subtask reminder check complete.
Found 37 AI subtasks pending reminders.
AI subtask reminder check complete.
Found 37 AI subtasks pending reminders.
AI subtask reminder check complete.
Found 37 AI subtasks pending reminders.
AI subtask reminder check complete.
Found 37 AI subtasks pending reminders.
AI subtask reminder check complete.
Found 37 AI subtasks pending reminders.
AI subtask reminder check complete.
Found 37 AI subtasks pending reminders.
AI subtask reminder check complete.
Found 37 AI subtasks pending reminders.
AI subtask reminder check complete.
Found 37 AI subtasks pending reminders.
AI subtask reminder check complete.
Found 37 AI subtasks pending reminders.
AI subtask reminder check complete.
Found 37 AI subtasks pending reminders.
AI subtask reminder check complete.
Found 37 AI subtasks pending reminders.
AI subtask reminder check complete.
Found 37 AI subtasks pending reminders.
AI subtask reminder check complete.
Found 37 AI subtasks pending reminders.
AI subtask reminder check complete.
Found 37 AI subtasks pending reminders.
AI subtask reminder check complete.
Found 37 AI subtasks pending reminders.
AI subtask reminder check complete.
Found 37 AI subtasks pending reminders.
AI subtask reminder check complete.
Found 37 AI subtasks pending reminders.
AI subtask reminder check complete.
Found 37 AI subtasks pending reminders.
AI subtask reminder check complete.
Found 37 AI subtasks pending reminders.
AI subtask reminder check complete.
Found 37 AI subtasks pending reminders.
AI subtask reminder check complete.
Found 37 AI subtasks pending reminders.
AI subtask reminder check complete.
Found 37 AI subtasks pending reminders.
AI subtask reminder check complete.
Found 37 AI subtasks pending reminders.
AI subtask reminder check complete.
Found 37 AI subtasks pending reminders.
AI subtask reminder check complete.
Found 37 AI subtasks pending reminders.
AI subtask reminder check complete.
Found 37 AI subtasks pending reminders.
AI subtask reminder check complete.
Found 37 AI subtasks pending reminders.
AI subtask reminder check complete.
Found 37 AI subtasks pending reminders.
AI subtask reminder check complete.
Found 37 AI subtasks pending reminders.
AI subtask reminder check complete.
Found 37 AI subtasks pending reminders.
AI subtask reminder check complete.
Found 37 AI subtasks pending reminders.
AI subtask reminder check complete.
Found 37 AI subtasks pending reminders.
AI subtask reminder check complete.
Found 37 AI subtasks pending reminders.
AI subtask reminder check complete.
Found 37 AI subtasks pending reminders.
AI subtask reminder check complete.
Found 37 AI subtasks pending reminders.
AI subtask reminder check complete.
Found 37 AI subtasks pending reminders.
AI subtask reminder check complete.
Found 37 AI subtasks pending reminders.
AI subtask reminder check complete.
Found 37 AI subtasks pending reminders.
AI subtask reminder check complete.
Found 37 AI subtasks pending reminders.
AI subtask reminder check complete.
Found 37 AI subtasks pending reminders.
AI subtask reminder check complete.
Found 37 AI subtasks pending reminders.
AI subtask reminder check complete.
Found 37 AI subtasks pending reminders.
AI subtask reminder check complete.
Found 37 AI subtasks pending reminders.
AI subtask reminder check complete.
Found 37 AI subtasks pending reminders.
AI subtask reminder check complete.
Found 37 AI subtasks pending reminders.
AI subtask reminder check complete.
Traceback (most recent call last):
  File "/home/shanon/kommitly/kommitly_backend/myenv/lib/python3.12/site-packages/django/db/backends/utils.py", line 105, in _execute
    return self.cursor.execute(sql, params)
           ^^^^^^^^^^^^^^^^^^^^^^^^^^^^^^^^
psycopg2.OperationalError: server closed the connection unexpectedly
	This probably means the server terminated abnormally
	before or while processing the request.
server closed the connection unexpectedly
	This probably means the server terminated abnormally
	before or while processing the request.


The above exception was the direct cause of the following exception:

Traceback (most recent call last):
  File "/home/shanon/kommitly/kommitly_backend/manage.py", line 22, in <module>
    main()
  File "/home/shanon/kommitly/kommitly_backend/manage.py", line 18, in main
    execute_from_command_line(sys.argv)
  File "/home/shanon/kommitly/kommitly_backend/myenv/lib/python3.12/site-packages/django/core/management/__init__.py", line 442, in execute_from_command_line
    utility.execute()
  File "/home/shanon/kommitly/kommitly_backend/myenv/lib/python3.12/site-packages/django/core/management/__init__.py", line 436, in execute
    self.fetch_command(subcommand).run_from_argv(self.argv)
  File "/home/shanon/kommitly/kommitly_backend/myenv/lib/python3.12/site-packages/django/core/management/base.py", line 413, in run_from_argv
    self.execute(*args, **cmd_options)
  File "/home/shanon/kommitly/kommitly_backend/myenv/lib/python3.12/site-packages/django/core/management/base.py", line 459, in execute
    output = self.handle(*args, **options)
             ^^^^^^^^^^^^^^^^^^^^^^^^^^^^^
  File "/home/shanon/kommitly/kommitly_backend/goals/management/commands/send_ai_subtask_reminders.py", line 17, in handle
    logger.info(f"Found {ai_subtasks.count()} AI subtasks pending reminders.")
                         ^^^^^^^^^^^^^^^^^^^
  File "/home/shanon/kommitly/kommitly_backend/myenv/lib/python3.12/site-packages/django/db/models/query.py", line 620, in count
    return self.query.get_count(using=self.db)
           ^^^^^^^^^^^^^^^^^^^^^^^^^^^^^^^^^^^
  File "/home/shanon/kommitly/kommitly_backend/myenv/lib/python3.12/site-packages/django/db/models/sql/query.py", line 629, in get_count
    return obj.get_aggregation(using, {"__count": Count("*")})["__count"]
           ^^^^^^^^^^^^^^^^^^^^^^^^^^^^^^^^^^^^^^^^^^^^^^^^^^^
  File "/home/shanon/kommitly/kommitly_backend/myenv/lib/python3.12/site-packages/django/db/models/sql/query.py", line 615, in get_aggregation
    result = compiler.execute_sql(SINGLE)
             ^^^^^^^^^^^^^^^^^^^^^^^^^^^^
  File "/home/shanon/kommitly/kommitly_backend/myenv/lib/python3.12/site-packages/django/db/models/sql/compiler.py", line 1562, in execute_sql
    cursor.execute(sql, params)
  File "/home/shanon/kommitly/kommitly_backend/myenv/lib/python3.12/site-packages/django/db/backends/utils.py", line 79, in execute
    return self._execute_with_wrappers(
           ^^^^^^^^^^^^^^^^^^^^^^^^^^^^
  File "/home/shanon/kommitly/kommitly_backend/myenv/lib/python3.12/site-packages/django/db/backends/utils.py", line 92, in _execute_with_wrappers
    return executor(sql, params, many, context)
           ^^^^^^^^^^^^^^^^^^^^^^^^^^^^^^^^^^^^
  File "/home/shanon/kommitly/kommitly_backend/myenv/lib/python3.12/site-packages/django/db/backends/utils.py", line 100, in _execute
    with self.db.wrap_database_errors:
  File "/home/shanon/kommitly/kommitly_backend/myenv/lib/python3.12/site-packages/django/db/utils.py", line 91, in __exit__
    raise dj_exc_value.with_traceback(traceback) from exc_value
  File "/home/shanon/kommitly/kommitly_backend/myenv/lib/python3.12/site-packages/django/db/backends/utils.py", line 105, in _execute
    return self.cursor.execute(sql, params)
           ^^^^^^^^^^^^^^^^^^^^^^^^^^^^^^^^
django.db.utils.OperationalError: server closed the connection unexpectedly
	This probably means the server terminated abnormally
	before or while processing the request.
server closed the connection unexpectedly
	This probably means the server terminated abnormally
	before or while processing the request.

Found 37 AI subtasks pending reminders.
AI subtask reminder check complete.
Found 37 AI subtasks pending reminders.
AI subtask reminder check complete.
Found 37 AI subtasks pending reminders.
AI subtask reminder check complete.
Found 37 AI subtasks pending reminders.
AI subtask reminder check complete.
Found 37 AI subtasks pending reminders.
AI subtask reminder check complete.
Found 37 AI subtasks pending reminders.
AI subtask reminder check complete.
Found 37 AI subtasks pending reminders.
AI subtask reminder check complete.
Found 37 AI subtasks pending reminders.
AI subtask reminder check complete.
Found 37 AI subtasks pending reminders.
AI subtask reminder check complete.
Found 37 AI subtasks pending reminders.
Reminder time (UTC) for ai task 'Apply for nursing licensure': 2025-06-13 08:30:00+00:00, current time: 2025-06-13 08:30:06.414674+00:00
Reminder sent for task: Apply for nursing licensure to n24freaky@gmail.com
DEBUG: post_save signal for AiSubTask 'Apply for nursing licensure'. Calling AiGoal.update_progress().
Reminder sent for AI subtask: Apply for nursing licensure
AI subtask reminder check complete.
Found 37 AI subtasks pending reminders.
Reminder time (UTC) for ai task 'Apply for nursing licensure': 2025-06-13 08:30:00+00:00, current time: 2025-06-13 08:31:06.508427+00:00
Reminder sent for task: Apply for nursing licensure to n24freaky@gmail.com
DEBUG: post_save signal for AiSubTask 'Apply for nursing licensure'. Calling AiGoal.update_progress().
Reminder sent for AI subtask: Apply for nursing licensure
AI subtask reminder check complete.
Found 37 AI subtasks pending reminders.
AI subtask reminder check complete.
Found 37 AI subtasks pending reminders.
AI subtask reminder check complete.
Found 37 AI subtasks pending reminders.
AI subtask reminder check complete.
Found 37 AI subtasks pending reminders.
AI subtask reminder check complete.
Found 37 AI subtasks pending reminders.
AI subtask reminder check complete.
Found 37 AI subtasks pending reminders.
AI subtask reminder check complete.
Found 37 AI subtasks pending reminders.
Reminder time (UTC) for ai task 'Apply for nursing licensure': 2025-06-13 08:38:00+00:00, current time: 2025-06-13 08:38:06.672047+00:00
Reminder sent for task: Apply for nursing licensure to n24freaky@gmail.com
DEBUG: post_save signal for AiSubTask 'Apply for nursing licensure'. Calling AiGoal.update_progress().
Reminder sent for AI subtask: Apply for nursing licensure
AI subtask reminder check complete.
Found 37 AI subtasks pending reminders.
Reminder time (UTC) for ai task 'Apply for nursing licensure': 2025-06-13 08:38:00+00:00, current time: 2025-06-13 08:39:08.421198+00:00
Reminder sent for task: Apply for nursing licensure to n24freaky@gmail.com
DEBUG: post_save signal for AiSubTask 'Apply for nursing licensure'. Calling AiGoal.update_progress().
Reminder sent for AI subtask: Apply for nursing licensure
AI subtask reminder check complete.
Found 37 AI subtasks pending reminders.
AI subtask reminder check complete.
Found 37 AI subtasks pending reminders.
AI subtask reminder check complete.
Found 37 AI subtasks pending reminders.
AI subtask reminder check complete.
Found 37 AI subtasks pending reminders.
AI subtask reminder check complete.
Found 37 AI subtasks pending reminders.
AI subtask reminder check complete.
Found 37 AI subtasks pending reminders.
AI subtask reminder check complete.
Found 37 AI subtasks pending reminders.
AI subtask reminder check complete.
Found 37 AI subtasks pending reminders.
AI subtask reminder check complete.
Found 37 AI subtasks pending reminders.
AI subtask reminder check complete.
Found 37 AI subtasks pending reminders.
AI subtask reminder check complete.
Found 37 AI subtasks pending reminders.
AI subtask reminder check complete.
Found 37 AI subtasks pending reminders.
AI subtask reminder check complete.
Found 37 AI subtasks pending reminders.
Reminder time (UTC) for ai task 'Apply for nursing licensure': 2025-06-13 08:52:00+00:00, current time: 2025-06-13 08:52:05.571774+00:00
Reminder sent for task: Apply for nursing licensure to n24freaky@gmail.com
DEBUG: post_save signal for AiSubTask 'Apply for nursing licensure'. Calling AiGoal.update_progress().
Reminder sent for AI subtask: Apply for nursing licensure
AI subtask reminder check complete.
Found 37 AI subtasks pending reminders.
Reminder time (UTC) for ai task 'Apply for nursing licensure': 2025-06-13 08:52:00+00:00, current time: 2025-06-13 08:53:05.840253+00:00
Reminder sent for task: Apply for nursing licensure to n24freaky@gmail.com
DEBUG: post_save signal for AiSubTask 'Apply for nursing licensure'. Calling AiGoal.update_progress().
Reminder sent for AI subtask: Apply for nursing licensure
AI subtask reminder check complete.
Found 37 AI subtasks pending reminders.
AI subtask reminder check complete.
Found 37 AI subtasks pending reminders.
AI subtask reminder check complete.
Found 37 AI subtasks pending reminders.
AI subtask reminder check complete.
Found 37 AI subtasks pending reminders.
AI subtask reminder check complete.
Found 37 AI subtasks pending reminders.
AI subtask reminder check complete.
Found 37 AI subtasks pending reminders.
AI subtask reminder check complete.
Found 37 AI subtasks pending reminders.
AI subtask reminder check complete.
Found 37 AI subtasks pending reminders.
AI subtask reminder check complete.
Found 37 AI subtasks pending reminders.
AI subtask reminder check complete.
Found 37 AI subtasks pending reminders.
AI subtask reminder check complete.
Found 37 AI subtasks pending reminders.
AI subtask reminder check complete.
Found 36 AI subtasks pending reminders.
AI subtask reminder check complete.
Found 36 AI subtasks pending reminders.
AI subtask reminder check complete.
Found 37 AI subtasks pending reminders.
AI subtask reminder check complete.
Found 37 AI subtasks pending reminders.
AI subtask reminder check complete.
Found 37 AI subtasks pending reminders.
AI subtask reminder check complete.
Found 37 AI subtasks pending reminders.
Reminder time (UTC) for ai task 'Apply for nursing licensure': 2025-06-13 09:10:00+00:00, current time: 2025-06-13 09:10:07.039170+00:00
Reminder sent for task: Apply for nursing licensure to n24freaky@gmail.com
DEBUG: post_save signal for AiSubTask 'Apply for nursing licensure'. Calling AiGoal.update_progress().
Reminder sent for AI subtask: Apply for nursing licensure
AI subtask reminder check complete.
Found 36 AI subtasks pending reminders.
AI subtask reminder check complete.
Found 36 AI subtasks pending reminders.
AI subtask reminder check complete.
Found 36 AI subtasks pending reminders.
AI subtask reminder check complete.
Found 36 AI subtasks pending reminders.
AI subtask reminder check complete.
Found 36 AI subtasks pending reminders.
AI subtask reminder check complete.
Found 36 AI subtasks pending reminders.
AI subtask reminder check complete.
Found 36 AI subtasks pending reminders.
AI subtask reminder check complete.
Found 36 AI subtasks pending reminders.
AI subtask reminder check complete.
Found 36 AI subtasks pending reminders.
AI subtask reminder check complete.
Found 36 AI subtasks pending reminders.
AI subtask reminder check complete.
Found 36 AI subtasks pending reminders.
AI subtask reminder check complete.
Found 36 AI subtasks pending reminders.
AI subtask reminder check complete.
Found 36 AI subtasks pending reminders.
AI subtask reminder check complete.
Found 36 AI subtasks pending reminders.
AI subtask reminder check complete.
Found 36 AI subtasks pending reminders.
AI subtask reminder check complete.
Found 36 AI subtasks pending reminders.
AI subtask reminder check complete.
Found 36 AI subtasks pending reminders.
AI subtask reminder check complete.
Found 36 AI subtasks pending reminders.
AI subtask reminder check complete.
Found 37 AI subtasks pending reminders.
AI subtask reminder check complete.
Found 37 AI subtasks pending reminders.
AI subtask reminder check complete.
Found 37 AI subtasks pending reminders.
Reminder time (UTC) for ai task 'Apply for nursing licensure': 2025-06-13 09:31:00+00:00, current time: 2025-06-13 09:31:06.953289+00:00
Error with task 'Apply for nursing licensure': name 'ai_goal' is not defined
Reminder sent for AI subtask: Apply for nursing licensure
AI subtask reminder check complete.
Found 37 AI subtasks pending reminders.
Reminder time (UTC) for ai task 'Apply for nursing licensure': 2025-06-13 09:31:00+00:00, current time: 2025-06-13 09:32:06.647667+00:00
Error with task 'Apply for nursing licensure': name 'ai_goal' is not defined
Reminder sent for AI subtask: Apply for nursing licensure
AI subtask reminder check complete.
Found 37 AI subtasks pending reminders.
AI subtask reminder check complete.
Found 37 AI subtasks pending reminders.
AI subtask reminder check complete.
Found 37 AI subtasks pending reminders.
AI subtask reminder check complete.
Found 37 AI subtasks pending reminders.
AI subtask reminder check complete.
Found 37 AI subtasks pending reminders.
Reminder time (UTC) for ai task 'Apply for nursing licensure': 2025-06-13 09:37:00+00:00, current time: 2025-06-13 09:37:06.976568+00:00
Error with task 'Apply for nursing licensure': name 'ai_goal' is not defined
Reminder sent for AI subtask: Apply for nursing licensure
AI subtask reminder check complete.
Found 37 AI subtasks pending reminders.
Reminder time (UTC) for ai task 'Apply for nursing licensure': 2025-06-13 09:37:00+00:00, current time: 2025-06-13 09:38:06.267766+00:00
Error with task 'Apply for nursing licensure': name 'ai_goal' is not defined
Reminder sent for AI subtask: Apply for nursing licensure
AI subtask reminder check complete.
Found 37 AI subtasks pending reminders.
AI subtask reminder check complete.
Found 37 AI subtasks pending reminders.
AI subtask reminder check complete.
Found 37 AI subtasks pending reminders.
AI subtask reminder check complete.
Found 37 AI subtasks pending reminders.
AI subtask reminder check complete.
Found 37 AI subtasks pending reminders.
Reminder time (UTC) for ai task 'Apply for nursing licensure': 2025-06-13 09:43:00+00:00, current time: 2025-06-13 09:43:06.048101+00:00
Error with task 'Apply for nursing licensure': name 'ai_goal' is not defined
Reminder sent for AI subtask: Apply for nursing licensure
AI subtask reminder check complete.
Found 37 AI subtasks pending reminders.
Reminder time (UTC) for ai task 'Apply for nursing licensure': 2025-06-13 09:43:00+00:00, current time: 2025-06-13 09:44:06.919716+00:00
Error with task 'Apply for nursing licensure': name 'ai_goal' is not defined
Reminder sent for AI subtask: Apply for nursing licensure
AI subtask reminder check complete.
Found 37 AI subtasks pending reminders.
AI subtask reminder check complete.
Found 37 AI subtasks pending reminders.
AI subtask reminder check complete.
Found 37 AI subtasks pending reminders.
AI subtask reminder check complete.
Found 37 AI subtasks pending reminders.
AI subtask reminder check complete.
Found 37 AI subtasks pending reminders.
AI subtask reminder check complete.
Found 37 AI subtasks pending reminders.
AI subtask reminder check complete.
Found 37 AI subtasks pending reminders.
AI subtask reminder check complete.
Found 37 AI subtasks pending reminders.
AI subtask reminder check complete.
Found 37 AI subtasks pending reminders.
Reminder time (UTC) for ai task 'Apply for nursing licensure': 2025-06-13 09:53:00+00:00, current time: 2025-06-13 09:53:06.333516+00:00
Error with task 'Apply for nursing licensure': name 'ai_goal' is not defined
Reminder sent for AI subtask: Apply for nursing licensure
AI subtask reminder check complete.
Found 37 AI subtasks pending reminders.
Reminder time (UTC) for ai task 'Apply for nursing licensure': 2025-06-13 09:53:00+00:00, current time: 2025-06-13 09:54:06.917613+00:00
Error with task 'Apply for nursing licensure': name 'ai_goal' is not defined
Reminder sent for AI subtask: Apply for nursing licensure
AI subtask reminder check complete.
Found 37 AI subtasks pending reminders.
AI subtask reminder check complete.
Found 37 AI subtasks pending reminders.
AI subtask reminder check complete.
Found 37 AI subtasks pending reminders.
AI subtask reminder check complete.
Found 37 AI subtasks pending reminders.
AI subtask reminder check complete.
Found 37 AI subtasks pending reminders.
AI subtask reminder check complete.
Found 37 AI subtasks pending reminders.
AI subtask reminder check complete.
Found 37 AI subtasks pending reminders.
AI subtask reminder check complete.
Found 37 AI subtasks pending reminders.
AI subtask reminder check complete.
Found 37 AI subtasks pending reminders.
AI subtask reminder check complete.
Found 37 AI subtasks pending reminders.
AI subtask reminder check complete.
Found 37 AI subtasks pending reminders.
AI subtask reminder check complete.
Found 37 AI subtasks pending reminders.
AI subtask reminder check complete.
Found 37 AI subtasks pending reminders.
AI subtask reminder check complete.
Found 37 AI subtasks pending reminders.
AI subtask reminder check complete.
Found 37 AI subtasks pending reminders.
Reminder time (UTC) for ai task 'Apply for nursing licensure': 2025-06-13 10:09:00+00:00, current time: 2025-06-13 10:09:07.334856+00:00
Reminder sent for task: Apply for nursing licensure to n24freaky@gmail.com
DEBUG: post_save signal for AiSubTask 'Apply for nursing licensure'. Calling AiGoal.update_progress().
Reminder sent for AI subtask: Apply for nursing licensure
AI subtask reminder check complete.
Found 36 AI subtasks pending reminders.
AI subtask reminder check complete.
Found 36 AI subtasks pending reminders.
AI subtask reminder check complete.
Found 36 AI subtasks pending reminders.
AI subtask reminder check complete.
Found 36 AI subtasks pending reminders.
AI subtask reminder check complete.
Found 36 AI subtasks pending reminders.
AI subtask reminder check complete.
Found 36 AI subtasks pending reminders.
AI subtask reminder check complete.
Found 36 AI subtasks pending reminders.
AI subtask reminder check complete.
Found 36 AI subtasks pending reminders.
AI subtask reminder check complete.
Found 36 AI subtasks pending reminders.
AI subtask reminder check complete.
Found 36 AI subtasks pending reminders.
AI subtask reminder check complete.
Found 36 AI subtasks pending reminders.
AI subtask reminder check complete.
Found 36 AI subtasks pending reminders.
AI subtask reminder check complete.
Found 36 AI subtasks pending reminders.
AI subtask reminder check complete.
Found 36 AI subtasks pending reminders.
AI subtask reminder check complete.
Found 36 AI subtasks pending reminders.
AI subtask reminder check complete.
Found 36 AI subtasks pending reminders.
AI subtask reminder check complete.
Found 36 AI subtasks pending reminders.
AI subtask reminder check complete.
Found 36 AI subtasks pending reminders.
AI subtask reminder check complete.
Found 36 AI subtasks pending reminders.
AI subtask reminder check complete.
Found 36 AI subtasks pending reminders.
AI subtask reminder check complete.
Found 36 AI subtasks pending reminders.
AI subtask reminder check complete.
Found 36 AI subtasks pending reminders.
AI subtask reminder check complete.
Found 36 AI subtasks pending reminders.
AI subtask reminder check complete.
Found 36 AI subtasks pending reminders.
AI subtask reminder check complete.
Found 36 AI subtasks pending reminders.
AI subtask reminder check complete.
Found 36 AI subtasks pending reminders.
AI subtask reminder check complete.
Found 36 AI subtasks pending reminders.
AI subtask reminder check complete.
Found 36 AI subtasks pending reminders.
AI subtask reminder check complete.
Found 36 AI subtasks pending reminders.
AI subtask reminder check complete.
Found 36 AI subtasks pending reminders.
AI subtask reminder check complete.
Found 36 AI subtasks pending reminders.
AI subtask reminder check complete.
Found 36 AI subtasks pending reminders.
AI subtask reminder check complete.
Found 36 AI subtasks pending reminders.
AI subtask reminder check complete.
Found 36 AI subtasks pending reminders.
AI subtask reminder check complete.
Found 36 AI subtasks pending reminders.
AI subtask reminder check complete.
Found 36 AI subtasks pending reminders.
AI subtask reminder check complete.
Found 36 AI subtasks pending reminders.
AI subtask reminder check complete.
Found 36 AI subtasks pending reminders.
AI subtask reminder check complete.
Found 36 AI subtasks pending reminders.
AI subtask reminder check complete.
Found 36 AI subtasks pending reminders.
AI subtask reminder check complete.
Found 36 AI subtasks pending reminders.
AI subtask reminder check complete.
Found 36 AI subtasks pending reminders.
AI subtask reminder check complete.
Found 36 AI subtasks pending reminders.
AI subtask reminder check complete.
Found 36 AI subtasks pending reminders.
AI subtask reminder check complete.
Found 36 AI subtasks pending reminders.
AI subtask reminder check complete.
Found 36 AI subtasks pending reminders.
AI subtask reminder check complete.
Found 36 AI subtasks pending reminders.
AI subtask reminder check complete.
Found 36 AI subtasks pending reminders.
AI subtask reminder check complete.
Found 36 AI subtasks pending reminders.
AI subtask reminder check complete.
Found 36 AI subtasks pending reminders.
AI subtask reminder check complete.
Found 36 AI subtasks pending reminders.
AI subtask reminder check complete.
Found 36 AI subtasks pending reminders.
AI subtask reminder check complete.
Found 36 AI subtasks pending reminders.
AI subtask reminder check complete.
Found 36 AI subtasks pending reminders.
AI subtask reminder check complete.
Found 36 AI subtasks pending reminders.
AI subtask reminder check complete.
Found 36 AI subtasks pending reminders.
AI subtask reminder check complete.
Found 36 AI subtasks pending reminders.
AI subtask reminder check complete.
Found 37 AI subtasks pending reminders.
AI subtask reminder check complete.
Found 37 AI subtasks pending reminders.
AI subtask reminder check complete.
Found 37 AI subtasks pending reminders.
Processing AI subtask: Apply for nursing licensure, AI task: Obtain Licensure and Certification, AI goal: i want to be a nurse
Reminder time (UTC) for ai task 'Apply for nursing licensure': 2025-06-13 11:09:00+00:00, current time: 2025-06-13 11:09:07.340192+00:00
Reminder sent for task: Apply for nursing licensure to n24freaky@gmail.com
DEBUG: post_save signal for AiSubTask 'Apply for nursing licensure'. Calling AiGoal.update_progress().
Reminder sent for AI subtask: Apply for nursing licensure
AI subtask reminder check complete.
Found 36 AI subtasks pending reminders.
AI subtask reminder check complete.
Found 36 AI subtasks pending reminders.
AI subtask reminder check complete.
Found 36 AI subtasks pending reminders.
AI subtask reminder check complete.
Found 36 AI subtasks pending reminders.
AI subtask reminder check complete.
Found 36 AI subtasks pending reminders.
AI subtask reminder check complete.
Found 36 AI subtasks pending reminders.
AI subtask reminder check complete.
Found 36 AI subtasks pending reminders.
AI subtask reminder check complete.
Found 36 AI subtasks pending reminders.
AI subtask reminder check complete.
Found 36 AI subtasks pending reminders.
AI subtask reminder check complete.
Found 36 AI subtasks pending reminders.
AI subtask reminder check complete.
Found 36 AI subtasks pending reminders.
AI subtask reminder check complete.
Found 36 AI subtasks pending reminders.
AI subtask reminder check complete.
Found 36 AI subtasks pending reminders.
AI subtask reminder check complete.
Found 36 AI subtasks pending reminders.
AI subtask reminder check complete.
Found 36 AI subtasks pending reminders.
AI subtask reminder check complete.
Found 36 AI subtasks pending reminders.
AI subtask reminder check complete.
Found 36 AI subtasks pending reminders.
AI subtask reminder check complete.
Found 36 AI subtasks pending reminders.
AI subtask reminder check complete.
Found 36 AI subtasks pending reminders.
AI subtask reminder check complete.
Found 36 AI subtasks pending reminders.
AI subtask reminder check complete.
Found 36 AI subtasks pending reminders.
AI subtask reminder check complete.
Found 36 AI subtasks pending reminders.
AI subtask reminder check complete.
Found 36 AI subtasks pending reminders.
AI subtask reminder check complete.
Found 36 AI subtasks pending reminders.
AI subtask reminder check complete.
Found 36 AI subtasks pending reminders.
AI subtask reminder check complete.
Found 36 AI subtasks pending reminders.
AI subtask reminder check complete.
Found 36 AI subtasks pending reminders.
AI subtask reminder check complete.
Found 36 AI subtasks pending reminders.
AI subtask reminder check complete.
Found 36 AI subtasks pending reminders.
AI subtask reminder check complete.
Found 36 AI subtasks pending reminders.
AI subtask reminder check complete.
Found 36 AI subtasks pending reminders.
AI subtask reminder check complete.
Found 36 AI subtasks pending reminders.
AI subtask reminder check complete.
Found 36 AI subtasks pending reminders.
AI subtask reminder check complete.
Found 36 AI subtasks pending reminders.
AI subtask reminder check complete.
Found 36 AI subtasks pending reminders.
AI subtask reminder check complete.
Found 36 AI subtasks pending reminders.
AI subtask reminder check complete.
Found 36 AI subtasks pending reminders.
AI subtask reminder check complete.
Found 36 AI subtasks pending reminders.
AI subtask reminder check complete.
Found 36 AI subtasks pending reminders.
AI subtask reminder check complete.
Found 36 AI subtasks pending reminders.
AI subtask reminder check complete.
Found 36 AI subtasks pending reminders.
AI subtask reminder check complete.
Found 36 AI subtasks pending reminders.
AI subtask reminder check complete.
Found 36 AI subtasks pending reminders.
AI subtask reminder check complete.
Found 36 AI subtasks pending reminders.
AI subtask reminder check complete.
Found 36 AI subtasks pending reminders.
AI subtask reminder check complete.
Found 36 AI subtasks pending reminders.
AI subtask reminder check complete.
Found 36 AI subtasks pending reminders.
AI subtask reminder check complete.
Found 36 AI subtasks pending reminders.
AI subtask reminder check complete.
Found 36 AI subtasks pending reminders.
AI subtask reminder check complete.
Found 36 AI subtasks pending reminders.
AI subtask reminder check complete.
Found 36 AI subtasks pending reminders.
AI subtask reminder check complete.
Found 36 AI subtasks pending reminders.
AI subtask reminder check complete.
Found 36 AI subtasks pending reminders.
AI subtask reminder check complete.
Found 36 AI subtasks pending reminders.
AI subtask reminder check complete.
Found 36 AI subtasks pending reminders.
AI subtask reminder check complete.
Found 36 AI subtasks pending reminders.
AI subtask reminder check complete.
Found 36 AI subtasks pending reminders.
AI subtask reminder check complete.
Found 36 AI subtasks pending reminders.
AI subtask reminder check complete.
Found 36 AI subtasks pending reminders.
AI subtask reminder check complete.
Found 36 AI subtasks pending reminders.
AI subtask reminder check complete.
Found 36 AI subtasks pending reminders.
AI subtask reminder check complete.
Found 36 AI subtasks pending reminders.
AI subtask reminder check complete.
Found 36 AI subtasks pending reminders.
AI subtask reminder check complete.
Found 36 AI subtasks pending reminders.
AI subtask reminder check complete.
Found 36 AI subtasks pending reminders.
AI subtask reminder check complete.
Found 36 AI subtasks pending reminders.
AI subtask reminder check complete.
Found 36 AI subtasks pending reminders.
AI subtask reminder check complete.
Found 36 AI subtasks pending reminders.
AI subtask reminder check complete.
Found 36 AI subtasks pending reminders.
AI subtask reminder check complete.
Found 36 AI subtasks pending reminders.
AI subtask reminder check complete.
Found 36 AI subtasks pending reminders.
AI subtask reminder check complete.
Found 36 AI subtasks pending reminders.
AI subtask reminder check complete.
Found 36 AI subtasks pending reminders.
AI subtask reminder check complete.
Found 36 AI subtasks pending reminders.
AI subtask reminder check complete.
Found 36 AI subtasks pending reminders.
AI subtask reminder check complete.
Found 36 AI subtasks pending reminders.
AI subtask reminder check complete.
Found 36 AI subtasks pending reminders.
AI subtask reminder check complete.
Found 36 AI subtasks pending reminders.
AI subtask reminder check complete.
Found 36 AI subtasks pending reminders.
AI subtask reminder check complete.
Found 36 AI subtasks pending reminders.
AI subtask reminder check complete.
Found 36 AI subtasks pending reminders.
AI subtask reminder check complete.
Found 36 AI subtasks pending reminders.
AI subtask reminder check complete.
Found 36 AI subtasks pending reminders.
AI subtask reminder check complete.
Found 36 AI subtasks pending reminders.
AI subtask reminder check complete.
Found 36 AI subtasks pending reminders.
AI subtask reminder check complete.
Found 36 AI subtasks pending reminders.
AI subtask reminder check complete.
Found 36 AI subtasks pending reminders.
AI subtask reminder check complete.
Found 36 AI subtasks pending reminders.
AI subtask reminder check complete.
Found 36 AI subtasks pending reminders.
AI subtask reminder check complete.
Found 36 AI subtasks pending reminders.
AI subtask reminder check complete.
Found 36 AI subtasks pending reminders.
AI subtask reminder check complete.
Found 36 AI subtasks pending reminders.
AI subtask reminder check complete.
Found 36 AI subtasks pending reminders.
AI subtask reminder check complete.
Found 36 AI subtasks pending reminders.
AI subtask reminder check complete.
Found 36 AI subtasks pending reminders.
AI subtask reminder check complete.
Found 36 AI subtasks pending reminders.
AI subtask reminder check complete.
Found 36 AI subtasks pending reminders.
AI subtask reminder check complete.
Found 36 AI subtasks pending reminders.
AI subtask reminder check complete.
Found 36 AI subtasks pending reminders.
AI subtask reminder check complete.
Found 36 AI subtasks pending reminders.
AI subtask reminder check complete.
Found 36 AI subtasks pending reminders.
AI subtask reminder check complete.
Found 36 AI subtasks pending reminders.
AI subtask reminder check complete.
Found 36 AI subtasks pending reminders.
AI subtask reminder check complete.
Found 36 AI subtasks pending reminders.
AI subtask reminder check complete.
Found 36 AI subtasks pending reminders.
AI subtask reminder check complete.
Found 36 AI subtasks pending reminders.
AI subtask reminder check complete.
Found 36 AI subtasks pending reminders.
AI subtask reminder check complete.
Found 36 AI subtasks pending reminders.
AI subtask reminder check complete.
Found 36 AI subtasks pending reminders.
AI subtask reminder check complete.
Found 36 AI subtasks pending reminders.
AI subtask reminder check complete.
Found 36 AI subtasks pending reminders.
AI subtask reminder check complete.
Found 36 AI subtasks pending reminders.
AI subtask reminder check complete.
Found 36 AI subtasks pending reminders.
AI subtask reminder check complete.
Found 36 AI subtasks pending reminders.
AI subtask reminder check complete.
Found 36 AI subtasks pending reminders.
AI subtask reminder check complete.
Found 36 AI subtasks pending reminders.
AI subtask reminder check complete.
Found 36 AI subtasks pending reminders.
AI subtask reminder check complete.
Found 36 AI subtasks pending reminders.
AI subtask reminder check complete.
Found 36 AI subtasks pending reminders.
AI subtask reminder check complete.
Found 36 AI subtasks pending reminders.
AI subtask reminder check complete.
Found 36 AI subtasks pending reminders.
AI subtask reminder check complete.
Found 36 AI subtasks pending reminders.
AI subtask reminder check complete.
Found 36 AI subtasks pending reminders.
AI subtask reminder check complete.
Found 36 AI subtasks pending reminders.
AI subtask reminder check complete.
Found 36 AI subtasks pending reminders.
AI subtask reminder check complete.
Found 36 AI subtasks pending reminders.
AI subtask reminder check complete.
Found 36 AI subtasks pending reminders.
AI subtask reminder check complete.
Found 36 AI subtasks pending reminders.
AI subtask reminder check complete.
Found 36 AI subtasks pending reminders.
AI subtask reminder check complete.
Found 36 AI subtasks pending reminders.
AI subtask reminder check complete.
Found 36 AI subtasks pending reminders.
AI subtask reminder check complete.
Found 36 AI subtasks pending reminders.
AI subtask reminder check complete.
Found 36 AI subtasks pending reminders.
AI subtask reminder check complete.
Found 36 AI subtasks pending reminders.
AI subtask reminder check complete.
Found 36 AI subtasks pending reminders.
AI subtask reminder check complete.
Found 36 AI subtasks pending reminders.
AI subtask reminder check complete.
Found 36 AI subtasks pending reminders.
AI subtask reminder check complete.
Found 36 AI subtasks pending reminders.
AI subtask reminder check complete.
Found 36 AI subtasks pending reminders.
AI subtask reminder check complete.
Found 36 AI subtasks pending reminders.
AI subtask reminder check complete.
Found 36 AI subtasks pending reminders.
AI subtask reminder check complete.
Found 36 AI subtasks pending reminders.
AI subtask reminder check complete.
Found 36 AI subtasks pending reminders.
AI subtask reminder check complete.
Found 36 AI subtasks pending reminders.
AI subtask reminder check complete.
Found 36 AI subtasks pending reminders.
AI subtask reminder check complete.
Found 36 AI subtasks pending reminders.
AI subtask reminder check complete.
Found 36 AI subtasks pending reminders.
AI subtask reminder check complete.
Found 36 AI subtasks pending reminders.
AI subtask reminder check complete.
Found 36 AI subtasks pending reminders.
AI subtask reminder check complete.
Found 36 AI subtasks pending reminders.
AI subtask reminder check complete.
Found 36 AI subtasks pending reminders.
AI subtask reminder check complete.
Found 36 AI subtasks pending reminders.
AI subtask reminder check complete.
Found 36 AI subtasks pending reminders.
AI subtask reminder check complete.
Found 36 AI subtasks pending reminders.
AI subtask reminder check complete.
Found 36 AI subtasks pending reminders.
AI subtask reminder check complete.
Found 36 AI subtasks pending reminders.
AI subtask reminder check complete.
Found 36 AI subtasks pending reminders.
AI subtask reminder check complete.
Found 36 AI subtasks pending reminders.
AI subtask reminder check complete.
Found 36 AI subtasks pending reminders.
AI subtask reminder check complete.
Found 36 AI subtasks pending reminders.
AI subtask reminder check complete.
Found 36 AI subtasks pending reminders.
AI subtask reminder check complete.
Found 36 AI subtasks pending reminders.
AI subtask reminder check complete.
Found 36 AI subtasks pending reminders.
AI subtask reminder check complete.
Found 36 AI subtasks pending reminders.
AI subtask reminder check complete.
Found 36 AI subtasks pending reminders.
AI subtask reminder check complete.
Found 36 AI subtasks pending reminders.
AI subtask reminder check complete.
Found 36 AI subtasks pending reminders.
AI subtask reminder check complete.
Found 36 AI subtasks pending reminders.
AI subtask reminder check complete.
Found 36 AI subtasks pending reminders.
AI subtask reminder check complete.
Found 36 AI subtasks pending reminders.
AI subtask reminder check complete.
Found 36 AI subtasks pending reminders.
AI subtask reminder check complete.
Found 36 AI subtasks pending reminders.
AI subtask reminder check complete.
Found 36 AI subtasks pending reminders.
AI subtask reminder check complete.
Found 36 AI subtasks pending reminders.
AI subtask reminder check complete.
Found 36 AI subtasks pending reminders.
AI subtask reminder check complete.
Found 36 AI subtasks pending reminders.
AI subtask reminder check complete.
Found 36 AI subtasks pending reminders.
AI subtask reminder check complete.
Found 36 AI subtasks pending reminders.
AI subtask reminder check complete.
Found 36 AI subtasks pending reminders.
AI subtask reminder check complete.
Found 36 AI subtasks pending reminders.
AI subtask reminder check complete.
Found 36 AI subtasks pending reminders.
AI subtask reminder check complete.
Found 36 AI subtasks pending reminders.
AI subtask reminder check complete.
Found 36 AI subtasks pending reminders.
AI subtask reminder check complete.
Found 36 AI subtasks pending reminders.
AI subtask reminder check complete.
Found 36 AI subtasks pending reminders.
AI subtask reminder check complete.
Found 36 AI subtasks pending reminders.
AI subtask reminder check complete.
Found 36 AI subtasks pending reminders.
AI subtask reminder check complete.
Found 36 AI subtasks pending reminders.
AI subtask reminder check complete.
Found 36 AI subtasks pending reminders.
AI subtask reminder check complete.
Found 36 AI subtasks pending reminders.
AI subtask reminder check complete.
Found 36 AI subtasks pending reminders.
AI subtask reminder check complete.
Found 36 AI subtasks pending reminders.
AI subtask reminder check complete.
Found 36 AI subtasks pending reminders.
AI subtask reminder check complete.
Found 36 AI subtasks pending reminders.
AI subtask reminder check complete.
Found 36 AI subtasks pending reminders.
AI subtask reminder check complete.
Found 36 AI subtasks pending reminders.
AI subtask reminder check complete.
Found 36 AI subtasks pending reminders.
AI subtask reminder check complete.
Found 36 AI subtasks pending reminders.
AI subtask reminder check complete.
Found 36 AI subtasks pending reminders.
AI subtask reminder check complete.
Found 36 AI subtasks pending reminders.
AI subtask reminder check complete.
Found 36 AI subtasks pending reminders.
AI subtask reminder check complete.
Found 36 AI subtasks pending reminders.
AI subtask reminder check complete.
Found 36 AI subtasks pending reminders.
AI subtask reminder check complete.
Found 36 AI subtasks pending reminders.
AI subtask reminder check complete.
Found 36 AI subtasks pending reminders.
AI subtask reminder check complete.
Found 36 AI subtasks pending reminders.
AI subtask reminder check complete.
Found 36 AI subtasks pending reminders.
AI subtask reminder check complete.
Found 36 AI subtasks pending reminders.
AI subtask reminder check complete.
Found 36 AI subtasks pending reminders.
AI subtask reminder check complete.
Found 36 AI subtasks pending reminders.
AI subtask reminder check complete.
Found 36 AI subtasks pending reminders.
AI subtask reminder check complete.
Found 36 AI subtasks pending reminders.
AI subtask reminder check complete.
Found 36 AI subtasks pending reminders.
AI subtask reminder check complete.
Found 36 AI subtasks pending reminders.
AI subtask reminder check complete.
Found 36 AI subtasks pending reminders.
AI subtask reminder check complete.
Found 36 AI subtasks pending reminders.
AI subtask reminder check complete.
Found 36 AI subtasks pending reminders.
AI subtask reminder check complete.
Found 36 AI subtasks pending reminders.
AI subtask reminder check complete.
Found 36 AI subtasks pending reminders.
AI subtask reminder check complete.
Found 36 AI subtasks pending reminders.
AI subtask reminder check complete.
Found 36 AI subtasks pending reminders.
AI subtask reminder check complete.
Found 36 AI subtasks pending reminders.
AI subtask reminder check complete.
Found 36 AI subtasks pending reminders.
AI subtask reminder check complete.
Found 36 AI subtasks pending reminders.
AI subtask reminder check complete.
Found 36 AI subtasks pending reminders.
AI subtask reminder check complete.
Found 36 AI subtasks pending reminders.
AI subtask reminder check complete.
Found 36 AI subtasks pending reminders.
AI subtask reminder check complete.
Found 36 AI subtasks pending reminders.
AI subtask reminder check complete.
Found 36 AI subtasks pending reminders.
AI subtask reminder check complete.
Found 36 AI subtasks pending reminders.
AI subtask reminder check complete.
Found 36 AI subtasks pending reminders.
AI subtask reminder check complete.
Found 36 AI subtasks pending reminders.
AI subtask reminder check complete.
Found 36 AI subtasks pending reminders.
AI subtask reminder check complete.
Found 36 AI subtasks pending reminders.
AI subtask reminder check complete.
Found 36 AI subtasks pending reminders.
AI subtask reminder check complete.
Found 36 AI subtasks pending reminders.
AI subtask reminder check complete.
Found 36 AI subtasks pending reminders.
AI subtask reminder check complete.
Found 36 AI subtasks pending reminders.
AI subtask reminder check complete.
Found 36 AI subtasks pending reminders.
AI subtask reminder check complete.
Found 36 AI subtasks pending reminders.
AI subtask reminder check complete.
Found 36 AI subtasks pending reminders.
AI subtask reminder check complete.
Found 36 AI subtasks pending reminders.
AI subtask reminder check complete.
Found 36 AI subtasks pending reminders.
AI subtask reminder check complete.
Found 36 AI subtasks pending reminders.
AI subtask reminder check complete.
Found 36 AI subtasks pending reminders.
AI subtask reminder check complete.
Found 36 AI subtasks pending reminders.
AI subtask reminder check complete.
Found 36 AI subtasks pending reminders.
AI subtask reminder check complete.
Found 36 AI subtasks pending reminders.
AI subtask reminder check complete.
Found 36 AI subtasks pending reminders.
AI subtask reminder check complete.
Found 36 AI subtasks pending reminders.
AI subtask reminder check complete.
Found 36 AI subtasks pending reminders.
AI subtask reminder check complete.
Found 36 AI subtasks pending reminders.
AI subtask reminder check complete.
Found 36 AI subtasks pending reminders.
AI subtask reminder check complete.
Found 36 AI subtasks pending reminders.
AI subtask reminder check complete.
Found 36 AI subtasks pending reminders.
AI subtask reminder check complete.
Found 36 AI subtasks pending reminders.
AI subtask reminder check complete.
Found 36 AI subtasks pending reminders.
AI subtask reminder check complete.
Found 36 AI subtasks pending reminders.
AI subtask reminder check complete.
Found 36 AI subtasks pending reminders.
AI subtask reminder check complete.
Found 36 AI subtasks pending reminders.
AI subtask reminder check complete.
Found 36 AI subtasks pending reminders.
AI subtask reminder check complete.
Found 36 AI subtasks pending reminders.
AI subtask reminder check complete.
Found 36 AI subtasks pending reminders.
AI subtask reminder check complete.
Found 36 AI subtasks pending reminders.
AI subtask reminder check complete.
Found 36 AI subtasks pending reminders.
AI subtask reminder check complete.
Found 36 AI subtasks pending reminders.
AI subtask reminder check complete.
Found 36 AI subtasks pending reminders.
AI subtask reminder check complete.
Found 36 AI subtasks pending reminders.
AI subtask reminder check complete.
Found 36 AI subtasks pending reminders.
AI subtask reminder check complete.
Found 36 AI subtasks pending reminders.
AI subtask reminder check complete.
Found 36 AI subtasks pending reminders.
AI subtask reminder check complete.
Found 36 AI subtasks pending reminders.
AI subtask reminder check complete.
Found 36 AI subtasks pending reminders.
AI subtask reminder check complete.
Found 36 AI subtasks pending reminders.
AI subtask reminder check complete.
Found 36 AI subtasks pending reminders.
AI subtask reminder check complete.
Found 36 AI subtasks pending reminders.
AI subtask reminder check complete.
Found 36 AI subtasks pending reminders.
AI subtask reminder check complete.
Found 36 AI subtasks pending reminders.
AI subtask reminder check complete.
Found 36 AI subtasks pending reminders.
AI subtask reminder check complete.
Found 36 AI subtasks pending reminders.
AI subtask reminder check complete.
Found 36 AI subtasks pending reminders.
AI subtask reminder check complete.
Found 36 AI subtasks pending reminders.
AI subtask reminder check complete.
Found 36 AI subtasks pending reminders.
AI subtask reminder check complete.
Found 36 AI subtasks pending reminders.
AI subtask reminder check complete.
Found 36 AI subtasks pending reminders.
AI subtask reminder check complete.
Found 36 AI subtasks pending reminders.
AI subtask reminder check complete.
Found 36 AI subtasks pending reminders.
AI subtask reminder check complete.
Found 36 AI subtasks pending reminders.
AI subtask reminder check complete.
Found 36 AI subtasks pending reminders.
AI subtask reminder check complete.
Found 36 AI subtasks pending reminders.
AI subtask reminder check complete.
Found 36 AI subtasks pending reminders.
AI subtask reminder check complete.
Found 36 AI subtasks pending reminders.
AI subtask reminder check complete.
Found 36 AI subtasks pending reminders.
AI subtask reminder check complete.
Found 36 AI subtasks pending reminders.
AI subtask reminder check complete.
Found 36 AI subtasks pending reminders.
AI subtask reminder check complete.
Found 36 AI subtasks pending reminders.
AI subtask reminder check complete.
Found 36 AI subtasks pending reminders.
AI subtask reminder check complete.
Found 36 AI subtasks pending reminders.
AI subtask reminder check complete.
Found 36 AI subtasks pending reminders.
AI subtask reminder check complete.
Found 36 AI subtasks pending reminders.
AI subtask reminder check complete.
Found 36 AI subtasks pending reminders.
AI subtask reminder check complete.
Found 36 AI subtasks pending reminders.
AI subtask reminder check complete.
Found 36 AI subtasks pending reminders.
AI subtask reminder check complete.
Found 36 AI subtasks pending reminders.
AI subtask reminder check complete.
Found 36 AI subtasks pending reminders.
AI subtask reminder check complete.
Found 36 AI subtasks pending reminders.
AI subtask reminder check complete.
Found 36 AI subtasks pending reminders.
AI subtask reminder check complete.
Found 36 AI subtasks pending reminders.
AI subtask reminder check complete.
Found 36 AI subtasks pending reminders.
AI subtask reminder check complete.
Found 36 AI subtasks pending reminders.
AI subtask reminder check complete.
Found 36 AI subtasks pending reminders.
AI subtask reminder check complete.
Found 36 AI subtasks pending reminders.
AI subtask reminder check complete.
Found 36 AI subtasks pending reminders.
AI subtask reminder check complete.
Found 36 AI subtasks pending reminders.
AI subtask reminder check complete.
Found 36 AI subtasks pending reminders.
AI subtask reminder check complete.
Found 36 AI subtasks pending reminders.
AI subtask reminder check complete.
Found 36 AI subtasks pending reminders.
AI subtask reminder check complete.
Found 36 AI subtasks pending reminders.
AI subtask reminder check complete.
Found 36 AI subtasks pending reminders.
AI subtask reminder check complete.
Found 36 AI subtasks pending reminders.
AI subtask reminder check complete.
Found 36 AI subtasks pending reminders.
AI subtask reminder check complete.
Found 36 AI subtasks pending reminders.
AI subtask reminder check complete.
Found 36 AI subtasks pending reminders.
AI subtask reminder check complete.
Found 36 AI subtasks pending reminders.
AI subtask reminder check complete.
Found 36 AI subtasks pending reminders.
AI subtask reminder check complete.
Found 36 AI subtasks pending reminders.
AI subtask reminder check complete.
Found 36 AI subtasks pending reminders.
AI subtask reminder check complete.
Found 36 AI subtasks pending reminders.
AI subtask reminder check complete.
Found 36 AI subtasks pending reminders.
AI subtask reminder check complete.
Found 36 AI subtasks pending reminders.
AI subtask reminder check complete.
Found 36 AI subtasks pending reminders.
AI subtask reminder check complete.
Found 36 AI subtasks pending reminders.
AI subtask reminder check complete.
Found 36 AI subtasks pending reminders.
AI subtask reminder check complete.
Found 36 AI subtasks pending reminders.
AI subtask reminder check complete.
Found 36 AI subtasks pending reminders.
AI subtask reminder check complete.
Found 36 AI subtasks pending reminders.
AI subtask reminder check complete.
Found 36 AI subtasks pending reminders.
AI subtask reminder check complete.
Found 36 AI subtasks pending reminders.
AI subtask reminder check complete.
Found 36 AI subtasks pending reminders.
AI subtask reminder check complete.
Found 36 AI subtasks pending reminders.
AI subtask reminder check complete.
Found 36 AI subtasks pending reminders.
AI subtask reminder check complete.
Found 36 AI subtasks pending reminders.
AI subtask reminder check complete.
Found 36 AI subtasks pending reminders.
AI subtask reminder check complete.
Found 36 AI subtasks pending reminders.
AI subtask reminder check complete.
Found 36 AI subtasks pending reminders.
AI subtask reminder check complete.
Found 36 AI subtasks pending reminders.
AI subtask reminder check complete.
Found 36 AI subtasks pending reminders.
AI subtask reminder check complete.
Found 36 AI subtasks pending reminders.
AI subtask reminder check complete.
Found 36 AI subtasks pending reminders.
AI subtask reminder check complete.
Found 36 AI subtasks pending reminders.
AI subtask reminder check complete.
Found 36 AI subtasks pending reminders.
AI subtask reminder check complete.
Found 36 AI subtasks pending reminders.
AI subtask reminder check complete.
Found 36 AI subtasks pending reminders.
AI subtask reminder check complete.
Found 36 AI subtasks pending reminders.
AI subtask reminder check complete.
Found 36 AI subtasks pending reminders.
AI subtask reminder check complete.
Found 36 AI subtasks pending reminders.
AI subtask reminder check complete.
Found 36 AI subtasks pending reminders.
AI subtask reminder check complete.
Found 36 AI subtasks pending reminders.
AI subtask reminder check complete.
Found 36 AI subtasks pending reminders.
AI subtask reminder check complete.
Found 36 AI subtasks pending reminders.
AI subtask reminder check complete.
Found 36 AI subtasks pending reminders.
AI subtask reminder check complete.
Found 36 AI subtasks pending reminders.
AI subtask reminder check complete.
Found 36 AI subtasks pending reminders.
AI subtask reminder check complete.
Found 36 AI subtasks pending reminders.
AI subtask reminder check complete.
Found 36 AI subtasks pending reminders.
AI subtask reminder check complete.
Found 36 AI subtasks pending reminders.
AI subtask reminder check complete.
Found 36 AI subtasks pending reminders.
AI subtask reminder check complete.
Found 36 AI subtasks pending reminders.
AI subtask reminder check complete.
Found 36 AI subtasks pending reminders.
AI subtask reminder check complete.
Found 36 AI subtasks pending reminders.
AI subtask reminder check complete.
Found 36 AI subtasks pending reminders.
AI subtask reminder check complete.
Found 36 AI subtasks pending reminders.
AI subtask reminder check complete.
Found 36 AI subtasks pending reminders.
AI subtask reminder check complete.
Found 36 AI subtasks pending reminders.
AI subtask reminder check complete.
Found 36 AI subtasks pending reminders.
AI subtask reminder check complete.
Found 36 AI subtasks pending reminders.
AI subtask reminder check complete.
Found 36 AI subtasks pending reminders.
AI subtask reminder check complete.
Found 36 AI subtasks pending reminders.
AI subtask reminder check complete.
Found 36 AI subtasks pending reminders.
AI subtask reminder check complete.
Found 36 AI subtasks pending reminders.
AI subtask reminder check complete.
Found 36 AI subtasks pending reminders.
AI subtask reminder check complete.
Found 36 AI subtasks pending reminders.
AI subtask reminder check complete.
Found 36 AI subtasks pending reminders.
AI subtask reminder check complete.
Found 36 AI subtasks pending reminders.
AI subtask reminder check complete.
Found 36 AI subtasks pending reminders.
AI subtask reminder check complete.
Found 36 AI subtasks pending reminders.
AI subtask reminder check complete.
Found 36 AI subtasks pending reminders.
AI subtask reminder check complete.
Found 36 AI subtasks pending reminders.
AI subtask reminder check complete.
Found 36 AI subtasks pending reminders.
AI subtask reminder check complete.
Found 36 AI subtasks pending reminders.
AI subtask reminder check complete.
Found 36 AI subtasks pending reminders.
AI subtask reminder check complete.
Found 36 AI subtasks pending reminders.
AI subtask reminder check complete.
Found 36 AI subtasks pending reminders.
AI subtask reminder check complete.
Found 36 AI subtasks pending reminders.
AI subtask reminder check complete.
Found 36 AI subtasks pending reminders.
AI subtask reminder check complete.
Found 36 AI subtasks pending reminders.
AI subtask reminder check complete.
Found 36 AI subtasks pending reminders.
AI subtask reminder check complete.
Found 36 AI subtasks pending reminders.
AI subtask reminder check complete.
Found 36 AI subtasks pending reminders.
AI subtask reminder check complete.
Found 36 AI subtasks pending reminders.
AI subtask reminder check complete.
Found 36 AI subtasks pending reminders.
AI subtask reminder check complete.
Found 36 AI subtasks pending reminders.
AI subtask reminder check complete.
Found 36 AI subtasks pending reminders.
AI subtask reminder check complete.
Found 36 AI subtasks pending reminders.
AI subtask reminder check complete.
Found 36 AI subtasks pending reminders.
AI subtask reminder check complete.
Found 36 AI subtasks pending reminders.
AI subtask reminder check complete.
Found 36 AI subtasks pending reminders.
AI subtask reminder check complete.
Found 36 AI subtasks pending reminders.
AI subtask reminder check complete.
Found 36 AI subtasks pending reminders.
AI subtask reminder check complete.
Found 36 AI subtasks pending reminders.
AI subtask reminder check complete.
Found 36 AI subtasks pending reminders.
AI subtask reminder check complete.
Found 36 AI subtasks pending reminders.
AI subtask reminder check complete.
Found 36 AI subtasks pending reminders.
AI subtask reminder check complete.
Found 36 AI subtasks pending reminders.
AI subtask reminder check complete.
Found 36 AI subtasks pending reminders.
AI subtask reminder check complete.
Found 36 AI subtasks pending reminders.
AI subtask reminder check complete.
Found 36 AI subtasks pending reminders.
AI subtask reminder check complete.
Found 36 AI subtasks pending reminders.
AI subtask reminder check complete.
Found 36 AI subtasks pending reminders.
AI subtask reminder check complete.
Found 36 AI subtasks pending reminders.
AI subtask reminder check complete.
Found 36 AI subtasks pending reminders.
AI subtask reminder check complete.
Found 36 AI subtasks pending reminders.
AI subtask reminder check complete.
Found 36 AI subtasks pending reminders.
AI subtask reminder check complete.
Found 36 AI subtasks pending reminders.
AI subtask reminder check complete.
Found 36 AI subtasks pending reminders.
AI subtask reminder check complete.
Found 36 AI subtasks pending reminders.
AI subtask reminder check complete.
Found 36 AI subtasks pending reminders.
AI subtask reminder check complete.
Found 36 AI subtasks pending reminders.
AI subtask reminder check complete.
Found 36 AI subtasks pending reminders.
AI subtask reminder check complete.
Found 36 AI subtasks pending reminders.
AI subtask reminder check complete.
Found 36 AI subtasks pending reminders.
AI subtask reminder check complete.
Found 36 AI subtasks pending reminders.
AI subtask reminder check complete.
Found 36 AI subtasks pending reminders.
AI subtask reminder check complete.
Found 36 AI subtasks pending reminders.
AI subtask reminder check complete.
Found 36 AI subtasks pending reminders.
AI subtask reminder check complete.
Found 36 AI subtasks pending reminders.
AI subtask reminder check complete.
Found 36 AI subtasks pending reminders.
AI subtask reminder check complete.
Found 36 AI subtasks pending reminders.
AI subtask reminder check complete.
Found 36 AI subtasks pending reminders.
AI subtask reminder check complete.
Found 36 AI subtasks pending reminders.
AI subtask reminder check complete.
Found 36 AI subtasks pending reminders.
AI subtask reminder check complete.
Found 36 AI subtasks pending reminders.
AI subtask reminder check complete.
Found 36 AI subtasks pending reminders.
AI subtask reminder check complete.
Found 36 AI subtasks pending reminders.
AI subtask reminder check complete.
Found 36 AI subtasks pending reminders.
AI subtask reminder check complete.
Found 36 AI subtasks pending reminders.
AI subtask reminder check complete.
Found 36 AI subtasks pending reminders.
AI subtask reminder check complete.
Found 36 AI subtasks pending reminders.
AI subtask reminder check complete.
Found 36 AI subtasks pending reminders.
AI subtask reminder check complete.
Found 36 AI subtasks pending reminders.
AI subtask reminder check complete.
Found 36 AI subtasks pending reminders.
AI subtask reminder check complete.
Found 36 AI subtasks pending reminders.
AI subtask reminder check complete.
Found 36 AI subtasks pending reminders.
AI subtask reminder check complete.
Found 36 AI subtasks pending reminders.
AI subtask reminder check complete.
Found 36 AI subtasks pending reminders.
AI subtask reminder check complete.
Found 36 AI subtasks pending reminders.
AI subtask reminder check complete.
Found 36 AI subtasks pending reminders.
AI subtask reminder check complete.
Found 36 AI subtasks pending reminders.
AI subtask reminder check complete.
Found 36 AI subtasks pending reminders.
AI subtask reminder check complete.
Found 36 AI subtasks pending reminders.
AI subtask reminder check complete.
Found 36 AI subtasks pending reminders.
AI subtask reminder check complete.
Found 36 AI subtasks pending reminders.
AI subtask reminder check complete.
Found 36 AI subtasks pending reminders.
AI subtask reminder check complete.
Found 36 AI subtasks pending reminders.
AI subtask reminder check complete.
Found 36 AI subtasks pending reminders.
AI subtask reminder check complete.
Found 36 AI subtasks pending reminders.
AI subtask reminder check complete.
Found 36 AI subtasks pending reminders.
AI subtask reminder check complete.
Found 36 AI subtasks pending reminders.
AI subtask reminder check complete.
Found 36 AI subtasks pending reminders.
AI subtask reminder check complete.
Found 36 AI subtasks pending reminders.
AI subtask reminder check complete.
Found 36 AI subtasks pending reminders.
AI subtask reminder check complete.
Found 36 AI subtasks pending reminders.
AI subtask reminder check complete.
Found 36 AI subtasks pending reminders.
AI subtask reminder check complete.
Found 36 AI subtasks pending reminders.
AI subtask reminder check complete.
Found 36 AI subtasks pending reminders.
AI subtask reminder check complete.
Found 36 AI subtasks pending reminders.
AI subtask reminder check complete.
Found 36 AI subtasks pending reminders.
AI subtask reminder check complete.
Found 36 AI subtasks pending reminders.
AI subtask reminder check complete.
Found 36 AI subtasks pending reminders.
AI subtask reminder check complete.
Found 36 AI subtasks pending reminders.
AI subtask reminder check complete.
Found 36 AI subtasks pending reminders.
AI subtask reminder check complete.
Found 36 AI subtasks pending reminders.
AI subtask reminder check complete.
Found 36 AI subtasks pending reminders.
AI subtask reminder check complete.
Found 36 AI subtasks pending reminders.
AI subtask reminder check complete.
Found 36 AI subtasks pending reminders.
AI subtask reminder check complete.
Found 36 AI subtasks pending reminders.
Processing AI subtask: Take the NCLEX-RN exam, AI task: Gain Practical Experience and Prepare for Licensure, AI goal: i want to be a nurse
Reminder time (UTC) for ai task 'Take the NCLEX-RN exam': 2025-06-13 19:15:00+00:00, current time: 2025-06-13 19:15:06.819072+00:00
Reminder sent for task: Take the NCLEX-RN exam to n24freaky@gmail.com
DEBUG: post_save signal for AiSubTask 'Take the NCLEX-RN exam'. Calling AiGoal.update_progress().
Reminder sent for AI subtask: Take the NCLEX-RN exam
AI subtask reminder check complete.
Found 35 AI subtasks pending reminders.
AI subtask reminder check complete.
Found 35 AI subtasks pending reminders.
AI subtask reminder check complete.
Found 35 AI subtasks pending reminders.
AI subtask reminder check complete.
Found 35 AI subtasks pending reminders.
AI subtask reminder check complete.
Found 35 AI subtasks pending reminders.
AI subtask reminder check complete.
Found 35 AI subtasks pending reminders.
AI subtask reminder check complete.
Found 35 AI subtasks pending reminders.
AI subtask reminder check complete.
Found 35 AI subtasks pending reminders.
AI subtask reminder check complete.
Found 35 AI subtasks pending reminders.
AI subtask reminder check complete.
Found 35 AI subtasks pending reminders.
AI subtask reminder check complete.
Found 35 AI subtasks pending reminders.
AI subtask reminder check complete.
Found 35 AI subtasks pending reminders.
AI subtask reminder check complete.
Found 35 AI subtasks pending reminders.
AI subtask reminder check complete.
Found 35 AI subtasks pending reminders.
AI subtask reminder check complete.
Found 35 AI subtasks pending reminders.
AI subtask reminder check complete.
Found 35 AI subtasks pending reminders.
AI subtask reminder check complete.
Found 35 AI subtasks pending reminders.
AI subtask reminder check complete.
Found 35 AI subtasks pending reminders.
AI subtask reminder check complete.
Found 35 AI subtasks pending reminders.
AI subtask reminder check complete.
Found 35 AI subtasks pending reminders.
AI subtask reminder check complete.
Found 35 AI subtasks pending reminders.
AI subtask reminder check complete.
Found 35 AI subtasks pending reminders.
AI subtask reminder check complete.
Found 35 AI subtasks pending reminders.
AI subtask reminder check complete.
Found 35 AI subtasks pending reminders.
AI subtask reminder check complete.
Found 35 AI subtasks pending reminders.
AI subtask reminder check complete.
Found 35 AI subtasks pending reminders.
AI subtask reminder check complete.
Found 35 AI subtasks pending reminders.
AI subtask reminder check complete.
Found 35 AI subtasks pending reminders.
AI subtask reminder check complete.
Found 35 AI subtasks pending reminders.
AI subtask reminder check complete.
Found 35 AI subtasks pending reminders.
AI subtask reminder check complete.
Found 35 AI subtasks pending reminders.
AI subtask reminder check complete.
Found 35 AI subtasks pending reminders.
AI subtask reminder check complete.
Found 35 AI subtasks pending reminders.
AI subtask reminder check complete.
Found 35 AI subtasks pending reminders.
AI subtask reminder check complete.
Found 35 AI subtasks pending reminders.
AI subtask reminder check complete.
Found 35 AI subtasks pending reminders.
AI subtask reminder check complete.
Found 35 AI subtasks pending reminders.
AI subtask reminder check complete.
Found 35 AI subtasks pending reminders.
AI subtask reminder check complete.
Found 35 AI subtasks pending reminders.
AI subtask reminder check complete.
Found 35 AI subtasks pending reminders.
AI subtask reminder check complete.
Found 35 AI subtasks pending reminders.
AI subtask reminder check complete.
Found 35 AI subtasks pending reminders.
AI subtask reminder check complete.
Found 35 AI subtasks pending reminders.
AI subtask reminder check complete.
Found 35 AI subtasks pending reminders.
AI subtask reminder check complete.
Found 35 AI subtasks pending reminders.
AI subtask reminder check complete.
Found 35 AI subtasks pending reminders.
AI subtask reminder check complete.
Found 35 AI subtasks pending reminders.
AI subtask reminder check complete.
Found 35 AI subtasks pending reminders.
AI subtask reminder check complete.
Found 35 AI subtasks pending reminders.
AI subtask reminder check complete.
Found 35 AI subtasks pending reminders.
AI subtask reminder check complete.
Found 35 AI subtasks pending reminders.
AI subtask reminder check complete.
Found 35 AI subtasks pending reminders.
AI subtask reminder check complete.
Found 35 AI subtasks pending reminders.
AI subtask reminder check complete.
Found 35 AI subtasks pending reminders.
AI subtask reminder check complete.
Found 35 AI subtasks pending reminders.
AI subtask reminder check complete.
Found 35 AI subtasks pending reminders.
AI subtask reminder check complete.
Found 35 AI subtasks pending reminders.
AI subtask reminder check complete.
Found 35 AI subtasks pending reminders.
AI subtask reminder check complete.
Found 35 AI subtasks pending reminders.
AI subtask reminder check complete.
Found 35 AI subtasks pending reminders.
AI subtask reminder check complete.
Found 35 AI subtasks pending reminders.
AI subtask reminder check complete.
Found 35 AI subtasks pending reminders.
AI subtask reminder check complete.
Found 35 AI subtasks pending reminders.
AI subtask reminder check complete.
Found 35 AI subtasks pending reminders.
AI subtask reminder check complete.
Found 35 AI subtasks pending reminders.
AI subtask reminder check complete.
